Time,Setpoint,Measurement,Output,Error
0.000,10.000,-0.019,20.000,10.019
0.010,10.000,0.094,20.000,9.906
0.020,10.000,0.274,20.000,9.726
0.030,10.000,0.309,20.000,9.691
0.040,10.000,0.499,20.000,9.501
0.050,10.000,0.596,20.000,9.404
0.060,10.000,0.739,20.000,9.261
0.070,10.000,0.806,20.000,9.194
0.080,10.000,0.963,20.000,9.037
0.090,10.000,1.094,20.000,8.906
0.100,10.000,1.163,20.000,8.837
0.110,10.000,1.246,20.000,8.754
0.120,10.000,1.432,20.000,8.568
0.130,10.000,1.466,20.000,8.534
0.140,10.000,1.649,20.000,8.351
0.150,10.000,1.717,20.000,8.283
0.160,10.000,1.843,20.000,8.157
0.170,10.000,1.964,20.000,8.036
0.180,10.000,2.066,20.000,7.934
0.190,10.000,2.208,20.000,7.792
0.200,10.000,2.261,20.000,7.739
0.210,10.000,2.349,20.000,7.651
0.220,10.000,2.505,20.000,7.495
0.230,10.000,2.612,20.000,7.388
0.240,10.000,2.675,20.000,7.325
0.250,10.000,2.780,20.000,7.220
0.260,10.000,2.889,20.000,7.111
0.270,10.000,3.072,20.000,6.928
0.280,10.000,3.178,20.000,6.822
0.290,10.000,3.257,20.000,6.743
0.300,10.000,3.314,20.000,6.686
0.310,10.000,3.421,20.000,6.579
0.320,10.000,3.590,20.000,6.410
0.330,10.000,3.707,20.000,6.293
0.340,10.000,3.728,20.000,6.272
0.350,10.000,3.868,20.000,6.132
0.360,10.000,3.963,20.000,6.037
0.370,10.000,4.108,20.000,5.892
0.380,10.000,4.197,20.000,5.803
0.390,10.000,4.231,20.000,5.769
0.400,10.000,4.390,20.000,5.610
0.410,10.000,4.433,20.000,5.567
0.420,10.000,4.534,20.000,5.466
0.430,10.000,4.664,20.000,5.336
0.440,10.000,4.726,20.000,5.274
0.450,10.000,4.896,20.000,5.104
0.460,10.000,4.981,20.000,5.019
0.470,10.000,5.056,20.000,4.944
0.480,10.000,5.136,20.000,4.864
0.490,10.000,5.211,20.000,4.789
0.500,10.000,5.317,20.000,4.683
0.510,10.000,5.439,20.000,4.561
0.520,10.000,5.492,20.000,4.508
0.530,10.000,5.645,20.000,4.355
0.540,10.000,5.666,20.000,4.334
0.550,10.000,5.772,20.000,4.228
0.560,10.000,5.923,20.000,4.077
0.570,10.000,5.945,20.000,4.055
0.580,10.000,6.028,20.000,3.972
0.590,10.000,6.179,20.000,3.821
0.600,10.000,6.274,20.000,3.726
0.610,10.000,6.309,20.000,3.691
0.620,10.000,6.362,20.000,3.638
0.630,10.000,6.523,20.000,3.477
0.640,10.000,6.571,20.000,3.429
0.650,10.000,6.641,20.000,3.359
0.660,10.000,6.740,20.000,3.260
0.670,10.000,6.881,20.000,3.119
0.680,10.000,6.895,20.000,3.105
0.690,10.000,6.981,20.000,3.019
0.700,10.000,7.056,20.000,2.944
0.710,10.000,7.230,20.000,2.770
0.720,10.000,7.259,20.000,2.741
0.730,10.000,7.336,20.000,2.664
0.740,10.000,7.441,20.000,2.559
0.750,10.000,7.534,20.000,2.466
0.760,10.000,7.585,20.000,2.415
0.770,10.000,7.677,20.000,2.323
0.780,10.000,7.749,20.000,2.251
0.790,10.000,7.883,20.000,2.117
0.800,10.000,7.955,20.000,2.045
0.810,10.000,8.038,19.624,1.962
0.820,10.000,8.097,19.026,1.903
0.830,10.000,8.121,18.787,1.879
0.840,10.000,8.257,17.432,1.743
0.850,10.000,8.331,16.691,1.669
0.860,10.000,8.354,16.455,1.646
0.870,10.000,8.435,15.653,1.565
0.880,10.000,8.429,15.711,1.571
0.890,10.000,8.538,14.618,1.462
0.900,10.000,8.568,14.321,1.432
0.910,10.000,8.560,14.405,1.440
0.920,10.000,8.606,13.940,1.394
0.930,10.000,8.696,13.045,1.304
0.940,10.000,8.752,12.480,1.248
0.950,10.000,8.747,12.534,1.253
0.960,10.000,8.811,11.891,1.189
0.970,10.000,8.772,12.284,1.228
0.980,10.000,8.819,11.807,1.181
0.990,10.000,8.908,10.924,1.092
1.000,10.000,8.863,11.372,1.137
1.010,10.000,8.895,11.052,1.105
1.020,10.000,8.967,10.327,1.033
1.030,10.000,8.963,10.365,1.037
1.040,10.000,8.983,10.170,1.017
1.050,10.000,8.972,10.283,1.028
1.060,10.000,8.977,10.227,1.023
1.070,10.000,9.064,9.360,0.936
1.080,10.000,9.058,9.416,0.942
1.090,10.000,9.048,9.517,0.952
1.100,10.000,9.084,9.162,0.916
1.110,10.000,9.068,9.323,0.932
1.120,10.000,9.059,9.407,0.941
1.130,10.000,9.076,9.240,0.924
1.140,10.000,9.111,8.895,0.889
1.150,10.000,9.063,9.371,0.937
1.160,10.000,9.090,9.101,0.910
1.170,10.000,9.088,9.116,0.912
1.180,10.000,9.165,8.348,0.835
1.190,10.000,9.128,8.717,0.872
1.200,10.000,9.182,8.183,0.818
1.210,10.000,9.137,8.627,0.863
1.220,10.000,9.151,8.494,0.849
1.230,10.000,9.206,7.944,0.794
1.240,10.000,9.209,7.911,0.791
1.250,10.000,9.139,8.606,0.861
1.260,10.000,9.158,8.416,0.842
1.270,10.000,9.197,8.027,0.803
1.280,10.000,9.162,8.382,0.838
1.290,10.000,9.197,8.026,0.803
1.300,10.000,9.196,8.045,0.804
1.310,10.000,9.194,8.059,0.806
1.320,10.000,9.136,8.641,0.864
1.330,10.000,9.189,8.115,0.811
1.340,10.000,9.166,8.337,0.834
1.350,10.000,9.212,7.882,0.788
1.360,10.000,9.232,7.676,0.768
1.370,10.000,9.196,8.037,0.804
1.380,10.000,9.210,7.897,0.790
1.390,10.000,9.214,7.857,0.786
1.400,10.000,9.158,8.422,0.842
1.410,10.000,9.198,8.023,0.802
1.420,10.000,9.177,8.234,0.823
1.430,10.000,9.203,7.967,0.797
1.440,10.000,9.246,7.539,0.754
1.450,10.000,9.247,7.535,0.753
1.460,10.000,9.214,7.865,0.786
1.470,10.000,9.172,8.280,0.828
1.480,10.000,9.266,7.337,0.734
1.490,10.000,9.200,8.001,0.800
1.500,10.000,9.218,7.821,0.782
1.510,10.000,9.256,7.440,0.744
1.520,10.000,9.243,7.575,0.757
1.530,10.000,9.265,7.348,0.735
1.540,10.000,9.250,7.497,0.750
1.550,10.000,9.239,7.615,0.761
1.560,10.000,9.190,8.096,0.810
1.570,10.000,9.193,8.069,0.807
1.580,10.000,9.219,7.810,0.781
1.590,10.000,9.234,7.658,0.766
1.600,10.000,9.265,7.346,0.735
1.610,10.000,9.183,8.171,0.817
1.620,10.000,9.196,8.035,0.804
1.630,10.000,9.269,7.307,0.731
1.640,10.000,9.233,7.668,0.767
1.650,10.000,9.219,7.811,0.781
1.660,10.000,9.232,7.683,0.768
1.670,10.000,9.217,7.828,0.783
1.680,10.000,9.268,7.323,0.732
1.690,10.000,9.189,8.106,0.811
1.700,10.000,9.180,8.200,0.820
1.710,10.000,9.175,8.249,0.825
1.720,10.000,9.238,7.623,0.762
1.730,10.000,9.202,7.979,0.798
1.740,10.000,9.219,7.806,0.781
1.750,10.000,9.220,7.797,0.780
1.760,10.000,9.187,8.130,0.813
1.770,10.000,9.273,7.270,0.727
1.780,10.000,9.228,7.719,0.772
1.790,10.000,9.185,8.151,0.815
1.800,10.000,9.207,7.933,0.793
1.810,10.000,9.282,7.181,0.718
1.820,10.000,9.273,7.272,0.727
1.830,10.000,9.277,7.228,0.723
1.840,10.000,9.272,7.284,0.728
1.850,10.000,9.250,7.498,0.750
1.860,10.000,9.245,7.546,0.755
1.870,10.000,9.194,8.061,0.806
1.880,10.000,9.177,8.226,0.823
1.890,10.000,9.201,7.995,0.799
1.900,10.000,9.266,7.339,0.734
1.910,10.000,9.277,7.234,0.723
1.920,10.000,9.213,7.867,0.787
1.930,10.000,9.189,8.112,0.811
1.940,10.000,9.275,7.254,0.725
1.950,10.000,9.178,8.224,0.822
1.960,10.000,9.241,7.590,0.759
1.970,10.000,9.236,7.643,0.764
1.980,10.000,9.227,7.734,0.773
1.990,10.000,9.237,7.634,0.763
2.000,10.000,9.256,7.445,0.744
2.010,10.000,9.233,7.668,0.767
2.020,10.000,9.235,7.651,0.765
2.030,10.000,9.213,7.869,0.787
2.040,10.000,9.258,7.418,0.742
2.050,10.000,9.274,7.261,0.726
2.060,10.000,9.250,7.499,0.750
2.070,10.000,9.259,7.411,0.741
2.080,10.000,9.258,7.420,0.742
2.090,10.000,9.193,8.072,0.807
2.100,10.000,9.262,7.382,0.738
2.110,10.000,9.180,8.202,0.820
2.120,10.000,9.193,8.070,0.807
2.130,10.000,9.256,7.440,0.744
2.140,10.000,9.181,8.188,0.819
2.150,10.000,9.191,8.085,0.809
2.160,10.000,9.236,7.644,0.764
2.170,10.000,9.258,7.417,0.742
2.180,10.000,9.213,7.867,0.787
2.190,10.000,9.237,7.627,0.763
2.200,10.000,9.180,8.201,0.820
2.210,10.000,9.203,7.967,0.797
2.220,10.000,9.240,7.595,0.760
2.230,10.000,9.222,7.777,0.778
2.240,10.000,9.218,7.825,0.782
2.250,10.000,9.237,7.628,0.763
2.260,10.000,9.225,7.752,0.775
2.270,10.000,9.280,7.200,0.720
2.280,10.000,9.191,8.087,0.809
2.290,10.000,9.273,7.272,0.727
2.300,10.000,9.235,7.651,0.765
2.310,10.000,9.268,7.319,0.732
2.320,10.000,9.224,7.758,0.776
2.330,10.000,9.191,8.089,0.809
2.340,10.000,9.205,7.946,0.795
2.350,10.000,9.209,7.908,0.791
2.360,10.000,9.194,8.057,0.806
2.370,10.000,9.187,8.128,0.813
2.380,10.000,9.202,7.981,0.798
2.390,10.000,9.288,7.117,0.712
2.400,10.000,9.212,7.882,0.788
2.410,10.000,9.192,8.082,0.808
2.420,10.000,9.198,8.015,0.802
2.430,10.000,9.238,7.624,0.762
2.440,10.000,9.277,7.234,0.723
2.450,10.000,9.205,7.951,0.795
2.460,10.000,9.251,7.491,0.749
2.470,10.000,9.231,7.692,0.769
2.480,10.000,9.285,7.151,0.715
2.490,10.000,9.283,7.173,0.717
2.500,10.000,9.184,8.163,0.816
2.510,10.000,9.284,7.163,0.716
2.520,10.000,9.202,7.982,0.798
2.530,10.000,9.243,7.567,0.757
2.540,10.000,9.222,7.779,0.778
2.550,10.000,9.239,7.614,0.761
2.560,10.000,9.197,8.033,0.803
2.570,10.000,9.266,7.337,0.734
2.580,10.000,9.235,7.649,0.765
2.590,10.000,9.208,7.924,0.792
2.600,10.000,9.256,7.443,0.744
2.610,10.000,9.190,8.102,0.810
2.620,10.000,9.198,8.015,0.802
2.630,10.000,9.205,7.946,0.795
2.640,10.000,9.209,7.910,0.791
2.650,10.000,9.228,7.716,0.772
2.660,10.000,9.236,7.642,0.764
2.670,10.000,9.221,7.787,0.779
2.680,10.000,9.231,7.693,0.769
2.690,10.000,9.250,7.499,0.750
2.700,10.000,9.219,7.806,0.781
2.710,10.000,9.256,7.440,0.744
2.720,10.000,9.253,7.473,0.747
2.730,10.000,9.226,7.737,0.774
2.740,10.000,9.200,8.004,0.800
2.750,10.000,9.239,7.608,0.761
2.760,10.000,9.245,7.553,0.755
2.770,10.000,9.261,7.386,0.739
2.780,10.000,9.279,7.215,0.721
2.790,10.000,9.236,7.642,0.764
2.800,10.000,9.254,7.459,0.746
2.810,10.000,9.276,7.242,0.724
2.820,10.000,9.230,7.695,0.770
2.830,10.000,9.270,7.296,0.730
2.840,10.000,9.231,7.691,0.769
2.850,10.000,9.268,7.322,0.732
2.860,10.000,9.222,7.785,0.778
2.870,10.000,9.244,7.565,0.756
2.880,10.000,9.247,7.527,0.753
2.890,10.000,9.173,8.268,0.827
2.900,10.000,9.271,7.291,0.729
2.910,10.000,9.220,7.802,0.780
2.920,10.000,9.183,8.171,0.817
2.930,10.000,9.186,8.138,0.814
2.940,10.000,9.245,7.547,0.755
2.950,10.000,9.209,7.912,0.791
2.960,10.000,9.229,7.713,0.771
2.970,10.000,9.192,8.075,0.808
2.980,10.000,9.245,7.550,0.755
2.990,10.000,9.272,7.284,0.728
3.000,10.000,9.252,7.477,0.748
3.010,10.000,9.272,7.282,0.728
3.020,10.000,9.233,7.673,0.767
3.030,10.000,9.214,7.860,0.786
3.040,10.000,9.211,7.893,0.789
3.050,10.000,9.248,7.516,0.752
3.060,10.000,9.266,7.335,0.734
3.070,10.000,9.266,7.339,0.734
3.080,10.000,9.218,7.820,0.782
3.090,10.000,9.257,7.430,0.743
3.100,10.000,9.217,7.827,0.783
3.110,10.000,9.191,8.093,0.809
3.120,10.000,9.254,7.455,0.746
3.130,10.000,9.272,7.277,0.728
3.140,10.000,9.182,8.177,0.818
3.150,10.000,9.209,7.906,0.791
3.160,10.000,9.267,7.331,0.733
3.170,10.000,9.233,7.669,0.767
3.180,10.000,9.179,8.214,0.821
3.190,10.000,9.242,7.576,0.758
3.200,10.000,9.237,7.631,0.763
3.210,10.000,9.176,8.237,0.824
3.220,10.000,9.192,8.084,0.808
3.230,10.000,9.251,7.486,0.749
3.240,10.000,9.190,8.096,0.810
3.250,10.000,9.261,7.388,0.739
3.260,10.000,9.181,8.188,0.819
3.270,10.000,9.243,7.570,0.757
3.280,10.000,9.274,7.257,0.726
3.290,10.000,9.244,7.562,0.756
3.300,10.000,9.229,7.707,0.771
3.310,10.000,9.244,7.555,0.756
3.320,10.000,9.237,7.634,0.763
3.330,10.000,9.186,8.141,0.814
3.340,10.000,9.185,8.150,0.815
3.350,10.000,9.276,7.236,0.724
3.360,10.000,9.260,7.403,0.740
3.370,10.000,9.274,7.264,0.726
3.380,10.000,9.261,7.387,0.739
3.390,10.000,9.200,8.004,0.800
3.400,10.000,9.255,7.448,0.745
3.410,10.000,9.206,7.939,0.794
3.420,10.000,9.220,7.799,0.780
3.430,10.000,9.236,7.642,0.764
3.440,10.000,9.207,7.929,0.793
3.450,10.000,9.233,7.666,0.767
3.460,10.000,9.273,7.274,0.727
3.470,10.000,9.198,8.022,0.802
3.480,10.000,9.193,8.070,0.807
3.490,10.000,9.180,8.198,0.820
3.500,10.000,9.272,7.284,0.728
3.510,10.000,9.257,7.425,0.743
3.520,10.000,9.181,8.195,0.819
3.530,10.000,9.184,8.160,0.816
3.540,10.000,9.233,7.675,0.767
3.550,10.000,9.197,8.027,0.803
3.560,10.000,9.268,7.319,0.732
3.570,10.000,9.233,7.666,0.767
3.580,10.000,9.257,7.430,0.743
3.590,10.000,9.256,7.438,0.744
3.600,10.000,9.194,8.057,0.806
3.610,10.000,9.207,7.934,0.793
3.620,10.000,9.224,7.761,0.776
3.630,10.000,9.257,7.432,0.743
3.640,10.000,9.215,7.851,0.785
3.650,10.000,9.228,7.718,0.772
3.660,10.000,9.250,7.505,0.750
3.670,10.000,9.194,8.059,0.806
3.680,10.000,9.224,7.758,0.776
3.690,10.000,9.236,7.639,0.764
3.700,10.000,9.222,7.785,0.778
3.710,10.000,9.204,7.962,0.796
3.720,10.000,9.269,7.308,0.731
3.730,10.000,9.265,7.349,0.735
3.740,10.000,9.260,7.402,0.740
3.750,10.000,9.193,8.066,0.807
3.760,10.000,9.219,7.812,0.781
3.770,10.000,9.256,7.444,0.744
3.780,10.000,9.217,7.829,0.783
3.790,10.000,9.234,7.656,0.766
3.800,10.000,9.255,7.450,0.745
3.810,10.000,9.205,7.950,0.795
3.820,10.000,9.211,7.887,0.789
3.830,10.000,9.258,7.420,0.742
3.840,10.000,9.208,7.917,0.792
3.850,10.000,9.260,7.399,0.740
3.860,10.000,9.269,7.312,0.731
3.870,10.000,9.187,8.128,0.813
3.880,10.000,9.208,7.921,0.792
3.890,10.000,9.243,7.565,0.757
3.900,10.000,9.264,7.358,0.736
3.910,10.000,9.220,7.801,0.780
3.920,10.000,9.265,7.352,0.735
3.930,10.000,9.200,7.998,0.800
3.940,10.000,9.192,8.077,0.808
3.950,10.000,9.199,8.015,0.801
3.960,10.000,9.250,7.498,0.750
3.970,10.000,9.260,7.395,0.740
3.980,10.000,9.208,7.917,0.792
3.990,10.000,9.187,8.127,0.813
4.000,10.000,9.213,7.871,0.787
4.010,10.000,9.249,7.506,0.751
4.020,10.000,9.208,7.925,0.792
4.030,10.000,9.196,8.043,0.804
4.040,10.000,9.232,7.685,0.768
4.050,10.000,9.288,7.125,0.712
4.060,10.000,9.206,7.938,0.794
4.070,10.000,9.265,7.354,0.735
4.080,10.000,9.255,7.453,0.745
4.090,10.000,9.238,7.616,0.762
4.100,10.000,9.211,7.887,0.789
4.110,10.000,9.225,7.745,0.775
4.120,10.000,9.262,7.375,0.738
4.130,10.000,9.239,7.614,0.761
4.140,10.000,9.197,8.033,0.803
4.150,10.000,9.187,8.126,0.813
4.160,10.000,9.219,7.815,0.781
4.170,10.000,9.288,7.117,0.712
4.180,10.000,9.194,8.059,0.806
4.190,10.000,9.243,7.571,0.757
4.200,10.000,9.245,7.545,0.755
4.210,10.000,9.275,7.246,0.725
4.220,10.000,9.277,7.230,0.723
4.230,10.000,9.222,7.782,0.778
4.240,10.000,9.191,8.094,0.809
4.250,10.000,9.188,8.124,0.812
4.260,10.000,9.242,7.583,0.758
4.270,10.000,9.259,7.411,0.741
4.280,10.000,9.263,7.367,0.737
4.290,10.000,9.263,7.375,0.737
4.300,10.000,9.256,7.438,0.744
4.310,10.000,9.184,8.162,0.816
4.320,10.000,9.223,7.768,0.777
4.330,10.000,9.279,7.214,0.721
4.340,10.000,9.192,8.083,0.808
4.350,10.000,9.264,7.357,0.736
4.360,10.000,9.273,7.267,0.727
4.370,10.000,9.209,7.911,0.791
4.380,10.000,9.237,7.625,0.763
4.390,10.000,9.240,7.598,0.760
4.400,10.000,9.263,7.370,0.737
4.410,10.000,9.262,7.383,0.738
4.420,10.000,9.176,8.240,0.824
4.430,10.000,9.239,7.606,0.761
4.440,10.000,9.218,7.824,0.782
4.450,10.000,9.193,8.069,0.807
4.460,10.000,9.244,7.560,0.756
4.470,10.000,9.251,7.495,0.749
4.480,10.000,9.193,8.069,0.807
4.490,10.000,9.253,7.466,0.747
4.500,10.000,9.206,7.941,0.794
4.510,10.000,9.255,7.455,0.745
4.520,10.000,9.242,7.581,0.758
4.530,10.000,9.199,8.005,0.801
4.540,10.000,9.196,8.039,0.804
4.550,10.000,9.255,7.449,0.745
4.560,10.000,9.207,7.935,0.793
4.570,10.000,9.254,7.458,0.746
4.580,10.000,9.228,7.723,0.772
4.590,10.000,9.187,8.132,0.813
4.600,10.000,9.237,7.632,0.763
4.610,10.000,9.207,7.931,0.793
4.620,10.000,9.196,8.036,0.804
4.630,10.000,9.282,7.175,0.718
4.640,10.000,9.205,7.953,0.795
4.650,10.000,9.210,7.897,0.790
4.660,10.000,9.266,7.342,0.734
4.670,10.000,9.200,8.000,0.800
4.680,10.000,9.244,7.560,0.756
4.690,10.000,9.225,7.753,0.775
4.700,10.000,9.264,7.355,0.736
4.710,10.000,9.228,7.720,0.772
4.720,10.000,9.210,7.897,0.790
4.730,10.000,9.267,7.330,0.733
4.740,10.000,9.190,8.095,0.810
4.750,10.000,9.254,7.463,0.746
4.760,10.000,9.283,7.175,0.717
4.770,10.000,9.254,7.463,0.746
4.780,10.000,9.220,7.795,0.780
4.790,10.000,9.195,8.049,0.805
4.800,10.000,9.229,7.705,0.771
4.810,10.000,9.252,7.484,0.748
4.820,10.000,9.271,7.286,0.729
4.830,10.000,9.190,8.100,0.810
4.840,10.000,9.273,7.273,0.727
4.850,10.000,9.186,8.140,0.814
4.860,10.000,9.267,7.333,0.733
4.870,10.000,9.198,8.024,0.802
4.880,10.000,9.262,7.384,0.738
4.890,10.000,9.213,7.873,0.787
4.900,10.000,9.206,7.942,0.794
4.910,10.000,9.217,7.833,0.783
4.920,10.000,9.241,7.591,0.759
4.930,10.000,9.220,7.796,0.780
4.940,10.000,9.214,7.856,0.786
4.950,10.000,9.264,7.359,0.736
4.960,10.000,9.246,7.538,0.754
4.970,10.000,9.193,8.070,0.807
4.980,10.000,9.280,7.197,0.720
4.990,10.000,9.204,7.964,0.796
5.000,10.000,9.235,7.655,0.765
5.010,10.000,9.259,7.413,0.741
5.020,10.000,9.249,7.511,0.751
5.030,10.000,9.259,7.408,0.741
5.040,10.000,9.237,7.625,0.763
5.050,10.000,9.255,7.454,0.745
5.060,10.000,9.225,7.746,0.775
5.070,10.000,9.236,7.641,0.764
5.080,10.000,9.227,7.726,0.773
5.090,10.000,9.268,7.320,0.732
5.100,10.000,9.250,7.501,0.750
5.110,10.000,9.173,8.272,0.827
5.120,10.000,9.239,7.612,0.761
5.130,10.000,9.243,7.565,0.757
5.140,10.000,9.188,8.122,0.812
5.150,10.000,9.233,7.669,0.767
5.160,10.000,9.254,7.461,0.746
5.170,10.000,9.176,8.244,0.824
5.180,10.000,9.255,7.453,0.745
5.190,10.000,9.236,7.638,0.764
5.200,10.000,9.212,7.881,0.788
5.210,10.000,9.181,8.192,0.819
5.220,10.000,9.276,7.238,0.724
5.230,10.000,9.273,7.272,0.727
5.240,10.000,9.218,7.819,0.782
5.250,10.000,9.205,7.953,0.795
5.260,10.000,9.254,7.456,0.746
5.270,10.000,9.185,8.152,0.815
5.280,10.000,9.221,7.789,0.779
5.290,10.000,9.255,7.452,0.745
5.300,10.000,9.212,7.884,0.788
5.310,10.000,9.276,7.245,0.724
5.320,10.000,9.230,7.696,0.770
5.330,10.000,9.180,8.196,0.820
5.340,10.000,9.258,7.423,0.742
5.350,10.000,9.194,8.064,0.806
5.360,10.000,9.263,7.367,0.737
5.370,10.000,9.208,7.922,0.792
5.380,10.000,9.257,7.432,0.743
5.390,10.000,9.214,7.855,0.786
5.400,10.000,9.202,7.977,0.798
5.410,10.000,9.236,7.643,0.764
5.420,10.000,9.219,7.813,0.781
5.430,10.000,9.269,7.313,0.731
5.440,10.000,9.203,7.967,0.797
5.450,10.000,9.233,7.667,0.767
5.460,10.000,9.225,7.750,0.775
5.470,10.000,9.183,8.168,0.817
5.480,10.000,9.238,7.625,0.762
5.490,10.000,9.205,7.954,0.795
5.500,10.000,9.247,7.530,0.753
5.510,10.000,9.273,7.265,0.727
5.520,10.000,9.206,7.939,0.794
5.530,10.000,9.241,7.592,0.759
5.540,10.000,9.267,7.330,0.733
5.550,10.000,9.248,7.522,0.752
5.560,10.000,9.266,7.341,0.734
5.570,10.000,9.239,7.613,0.761
5.580,10.000,9.253,7.470,0.747
5.590,10.000,9.204,7.957,0.796
5.600,10.000,9.214,7.860,0.786
5.610,10.000,9.188,8.120,0.812
5.620,10.000,9.206,7.941,0.794
5.630,10.000,9.273,7.270,0.727
5.640,10.000,9.193,8.066,0.807
5.650,10.000,9.185,8.147,0.815
5.660,10.000,9.191,8.089,0.809
5.670,10.000,9.284,7.161,0.716
5.680,10.000,9.217,7.833,0.783
5.690,10.000,9.268,7.318,0.732
5.700,10.000,9.216,7.843,0.784
5.710,10.000,9.239,7.605,0.761
5.720,10.000,9.221,7.787,0.779
5.730,10.000,9.255,7.451,0.745
5.740,10.000,9.226,7.744,0.774
5.750,10.000,9.245,7.549,0.755
5.760,10.000,9.206,7.944,0.794
5.770,10.000,9.271,7.289,0.729
5.780,10.000,9.246,7.543,0.754
5.790,10.000,9.258,7.423,0.742
5.800,10.000,9.188,8.124,0.812
5.810,10.000,9.208,7.919,0.792
5.820,10.000,9.250,7.503,0.750
5.830,10.000,9.215,7.847,0.785
5.840,10.000,9.267,7.326,0.733
5.850,10.000,9.232,7.677,0.768
5.860,10.000,9.182,8.181,0.818
5.870,10.000,9.255,7.449,0.745
5.880,10.000,9.196,8.044,0.804
5.890,10.000,9.262,7.378,0.738
5.900,10.000,9.183,8.168,0.817
5.910,10.000,9.236,7.640,0.764
5.920,10.000,9.273,7.268,0.727
5.930,10.000,9.209,7.911,0.791
5.940,10.000,9.226,7.743,0.774
5.950,10.000,9.187,8.135,0.813
5.960,10.000,9.217,7.830,0.783
5.970,10.000,9.236,7.636,0.764
5.980,10.000,9.187,8.130,0.813
5.990,10.000,9.253,7.465,0.747
6.000,10.000,9.221,7.786,0.779
6.010,10.000,9.223,7.775,0.777
6.020,10.000,9.210,7.902,0.790
6.030,10.000,9.263,7.373,0.737
6.040,10.000,9.194,8.057,0.806
6.050,10.000,9.255,7.445,0.745
6.060,10.000,9.225,7.752,0.775
6.070,10.000,9.220,7.799,0.780
6.080,10.000,9.244,7.563,0.756
6.090,10.000,9.191,8.092,0.809
6.100,10.000,9.201,7.990,0.799
6.110,10.000,9.257,7.428,0.743
6.120,10.000,9.221,7.786,0.779
6.130,10.000,9.270,7.300,0.730
6.140,10.000,9.189,8.111,0.811
6.150,10.000,9.208,7.917,0.792
6.160,10.000,9.225,7.752,0.775
6.170,10.000,9.196,8.040,0.804
6.180,10.000,9.285,7.147,0.715
6.190,10.000,9.239,7.610,0.761
6.200,10.000,9.274,7.260,0.726
6.210,10.000,9.281,7.186,0.719
6.220,10.000,9.185,8.146,0.815
6.230,10.000,9.261,7.389,0.739
6.240,10.000,9.208,7.924,0.792
6.250,10.000,9.232,7.685,0.768
6.260,10.000,9.265,7.350,0.735
6.270,10.000,9.239,7.609,0.761
6.280,10.000,9.280,7.203,0.720
6.290,10.000,9.261,7.388,0.739
6.300,10.000,9.199,8.005,0.801
6.310,10.000,9.212,7.882,0.788
6.320,10.000,9.198,8.020,0.802
6.330,10.000,9.227,7.731,0.773
6.340,10.000,9.189,8.109,0.811
6.350,10.000,9.210,7.897,0.790
6.360,10.000,9.197,8.026,0.803
6.370,10.000,9.232,7.678,0.768
6.380,10.000,9.246,7.542,0.754
6.390,10.000,9.254,7.463,0.746
6.400,10.000,9.233,7.669,0.767
6.410,10.000,9.254,7.455,0.746
6.420,10.000,9.216,7.836,0.784
6.430,10.000,9.264,7.362,0.736
6.440,10.000,9.231,7.685,0.769
6.450,10.000,9.216,7.840,0.784
6.460,10.000,9.280,7.196,0.720
6.470,10.000,9.262,7.378,0.738
6.480,10.000,9.216,7.841,0.784
6.490,10.000,9.268,7.324,0.732
6.500,10.000,9.207,7.927,0.793
6.510,10.000,9.200,8.002,0.800
6.520,10.000,9.262,7.375,0.738
6.530,10.000,9.210,7.905,0.790
6.540,10.000,9.275,7.251,0.725
6.550,10.000,9.181,8.186,0.819
6.560,10.000,9.256,7.441,0.744
6.570,10.000,9.252,7.480,0.748
6.580,10.000,9.236,7.639,0.764
6.590,10.000,9.248,7.515,0.752
6.600,10.000,9.229,7.706,0.771
6.610,10.000,9.255,7.450,0.745
6.620,10.000,9.277,7.233,0.723
6.630,10.000,9.241,7.590,0.759
6.640,10.000,9.193,8.071,0.807
6.650,10.000,9.180,8.197,0.820
6.660,10.000,9.269,7.308,0.731
6.670,10.000,9.205,7.948,0.795
6.680,10.000,9.225,7.752,0.775
6.690,10.000,9.225,7.754,0.775
6.700,10.000,9.272,7.279,0.728
6.710,10.000,9.269,7.315,0.731
6.720,10.000,9.187,8.127,0.813
6.730,10.000,9.200,7.995,0.800
6.740,10.000,9.248,7.523,0.752
6.750,10.000,9.237,7.625,0.763
6.760,10.000,9.232,7.679,0.768
6.770,10.000,9.241,7.589,0.759
6.780,10.000,9.216,7.840,0.784
6.790,10.000,9.268,7.324,0.732
6.800,10.000,9.225,7.748,0.775
6.810,10.000,9.243,7.570,0.757
6.820,10.000,9.184,8.160,0.816
6.830,10.000,9.207,7.925,0.793
6.840,10.000,9.275,7.247,0.725
6.850,10.000,9.178,8.216,0.822
6.860,10.000,9.211,7.886,0.789
6.870,10.000,9.251,7.495,0.749
6.880,10.000,9.253,7.473,0.747
6.890,10.000,9.267,7.334,0.733
6.900,10.000,9.215,7.849,0.785
6.910,10.000,9.201,7.986,0.799
6.920,10.000,9.244,7.560,0.756
6.930,10.000,9.217,7.831,0.783
6.940,10.000,9.270,7.298,0.730
6.950,10.000,9.261,7.390,0.739
6.960,10.000,9.218,7.819,0.782
6.970,10.000,9.257,7.429,0.743
6.980,10.000,9.187,8.130,0.813
6.990,10.000,9.267,7.334,0.733
7.000,10.000,9.202,7.978,0.798
7.010,10.000,9.183,8.175,0.817
7.020,10.000,9.261,7.388,0.739
7.030,10.000,9.218,7.818,0.782
7.040,10.000,9.208,7.920,0.792
7.050,10.000,9.231,7.694,0.769
7.060,10.000,9.180,8.199,0.820
7.070,10.000,9.267,7.327,0.733
7.080,10.000,9.195,8.047,0.805
7.090,10.000,9.223,7.775,0.777
7.100,10.000,9.258,7.422,0.742
7.110,10.000,9.246,7.539,0.754
7.120,10.000,9.188,8.122,0.812
7.130,10.000,9.267,7.332,0.733
7.140,10.000,9.275,7.247,0.725
7.150,10.000,9.182,8.184,0.818
7.160,10.000,9.267,7.333,0.733
7.170,10.000,9.205,7.949,0.795
7.180,10.000,9.254,7.464,0.746
7.190,10.000,9.238,7.623,0.762
7.200,10.000,9.193,8.069,0.807
7.210,10.000,9.193,8.070,0.807
7.220,10.000,9.266,7.339,0.734
7.230,10.000,9.261,7.395,0.739
7.240,10.000,9.230,7.700,0.770
7.250,10.000,9.253,7.467,0.747
7.260,10.000,9.242,7.583,0.758
7.270,10.000,9.271,7.287,0.729
7.280,10.000,9.230,7.696,0.770
7.290,10.000,9.252,7.484,0.748
7.300,10.000,9.258,7.425,0.742
7.310,10.000,9.255,7.449,0.745
7.320,10.000,9.254,7.465,0.746
7.330,10.000,9.235,7.649,0.765
7.340,10.000,9.193,8.071,0.807
7.350,10.000,9.184,8.159,0.816
7.360,10.000,9.191,8.090,0.809
7.370,10.000,9.201,7.991,0.799
7.380,10.000,9.276,7.242,0.724
7.390,10.000,9.207,7.926,0.793
7.400,10.000,9.241,7.586,0.759
7.410,10.000,9.249,7.514,0.751
7.420,10.000,9.272,7.282,0.728
7.430,10.000,9.244,7.555,0.756
7.440,10.000,9.228,7.720,0.772
7.450,10.000,9.263,7.369,0.737
7.460,10.000,9.245,7.547,0.755
7.470,10.000,9.211,7.891,0.789
7.480,10.000,9.188,8.124,0.812
7.490,10.000,9.221,7.787,0.779
7.500,10.000,9.274,7.261,0.726
7.510,10.000,9.203,7.974,0.797
7.520,10.000,9.233,7.671,0.767
7.530,10.000,9.256,7.444,0.744
7.540,10.000,9.182,8.180,0.818
7.550,10.000,9.185,8.151,0.815
7.560,10.000,9.234,7.662,0.766
7.570,10.000,9.251,7.489,0.749
7.580,10.000,9.180,8.200,0.820
7.590,10.000,9.191,8.093,0.809
7.600,10.000,9.232,7.682,0.768
7.610,10.000,9.269,7.310,0.731
7.620,10.000,9.273,7.265,0.727
7.630,10.000,9.209,7.905,0.791
7.640,10.000,9.231,7.691,0.769
7.650,10.000,9.196,8.044,0.804
7.660,10.000,9.225,7.748,0.775
7.670,10.000,9.250,7.502,0.750
7.680,10.000,9.221,7.791,0.779
7.690,10.000,9.222,7.780,0.778
7.700,10.000,9.181,8.190,0.819
7.710,10.000,9.189,8.112,0.811
7.720,10.000,9.200,8.003,0.800
7.730,10.000,9.284,7.157,0.716
7.740,10.000,9.261,7.391,0.739
7.750,10.000,9.252,7.483,0.748
7.760,10.000,9.268,7.319,0.732
7.770,10.000,9.230,7.701,0.770
7.780,10.000,9.189,8.110,0.811
7.790,10.000,9.185,8.153,0.815
7.800,10.000,9.282,7.175,0.718
7.810,10.000,9.190,8.096,0.810
7.820,10.000,9.217,7.828,0.783
7.830,10.000,9.242,7.583,0.758
7.840,10.000,9.275,7.251,0.725
7.850,10.000,9.224,7.756,0.776
7.860,10.000,9.248,7.517,0.752
7.870,10.000,9.227,7.727,0.773
7.880,10.000,9.197,8.029,0.803
7.890,10.000,9.253,7.471,0.747
7.900,10.000,9.239,7.609,0.761
7.910,10.000,9.247,7.530,0.753
7.920,10.000,9.237,7.630,0.763
7.930,10.000,9.231,7.690,0.769
7.940,10.000,9.278,7.220,0.722
7.950,10.000,9.186,8.138,0.814
7.960,10.000,9.248,7.520,0.752
7.970,10.000,9.221,7.786,0.779
7.980,10.000,9.257,7.427,0.743
7.990,10.000,9.187,8.130,0.813
8.000,10.000,9.265,7.353,0.735
8.010,10.000,9.256,7.436,0.744
8.020,10.000,9.191,8.090,0.809
8.030,10.000,9.277,7.232,0.723
8.040,10.000,9.251,7.495,0.749
8.050,10.000,9.265,7.346,0.735
8.060,10.000,9.239,7.607,0.761
8.070,10.000,9.233,7.669,0.767
8.080,10.000,9.213,7.870,0.787
8.090,10.000,9.249,7.508,0.751
8.100,10.000,9.235,7.646,0.765
8.110,10.000,9.210,7.897,0.790
8.120,10.000,9.258,7.423,0.742
8.130,10.000,9.268,7.322,0.732
8.140,10.000,9.264,7.356,0.736
8.150,10.000,9.242,7.575,0.758
8.160,10.000,9.206,7.944,0.794
8.170,10.000,9.230,7.704,0.770
8.180,10.000,9.190,8.103,0.810
8.190,10.000,9.226,7.742,0.774
8.200,10.000,9.202,7.978,0.798
8.210,10.000,9.252,7.485,0.748
8.220,10.000,9.192,8.078,0.808
8.230,10.000,9.262,7.383,0.738
8.240,10.000,9.202,7.983,0.798
8.250,10.000,9.192,8.076,0.808
8.260,10.000,9.273,7.271,0.727
8.270,10.000,9.271,7.286,0.729
8.280,10.000,9.232,7.676,0.768
8.290,10.000,9.246,7.542,0.754
8.300,10.000,9.177,8.228,0.823
8.310,10.000,9.219,7.811,0.781
8.320,10.000,9.227,7.732,0.773
8.330,10.000,9.195,8.046,0.805
8.340,10.000,9.219,7.806,0.781
8.350,10.000,9.204,7.962,0.796
8.360,10.000,9.190,8.102,0.810
8.370,10.000,9.190,8.099,0.810
8.380,10.000,9.270,7.296,0.730
8.390,10.000,9.232,7.676,0.768
8.400,10.000,9.265,7.348,0.735
8.410,10.000,9.228,7.716,0.772
8.420,10.000,9.268,7.319,0.732
8.430,10.000,9.245,7.551,0.755
8.440,10.000,9.221,7.790,0.779
8.450,10.000,9.260,7.401,0.740
8.460,10.000,9.217,7.828,0.783
8.470,10.000,9.259,7.412,0.741
8.480,10.000,9.218,7.822,0.782
8.490,10.000,9.238,7.623,0.762
8.500,10.000,9.212,7.885,0.788
8.510,10.000,9.249,7.505,0.751
8.520,10.000,9.215,7.849,0.785
8.530,10.000,9.232,7.678,0.768
8.540,10.000,9.236,7.640,0.764
8.550,10.000,9.244,7.558,0.756
8.560,10.000,9.249,7.515,0.751
8.570,10.000,9.229,7.705,0.771
8.580,10.000,9.239,7.609,0.761
8.590,10.000,9.207,7.929,0.793
8.600,10.000,9.204,7.960,0.796
8.610,10.000,9.247,7.526,0.753
8.620,10.000,9.253,7.467,0.747
8.630,10.000,9.255,7.453,0.745
8.640,10.000,9.263,7.366,0.737
8.650,10.000,9.190,8.098,0.810
8.660,10.000,9.179,8.210,0.821
8.670,10.000,9.277,7.233,0.723
8.680,10.000,9.200,7.995,0.800
8.690,10.000,9.267,7.334,0.733
8.700,10.000,9.223,7.766,0.777
8.710,10.000,9.183,8.167,0.817
8.720,10.000,9.216,7.842,0.784
8.730,10.000,9.215,7.849,0.785
8.740,10.000,9.255,7.455,0.745
8.750,10.000,9.260,7.404,0.740
8.760,10.000,9.195,8.054,0.805
8.770,10.000,9.194,8.057,0.806
8.780,10.000,9.244,7.562,0.756
8.790,10.000,9.240,7.596,0.760
8.800,10.000,9.256,7.436,0.744
8.810,10.000,9.276,7.236,0.724
8.820,10.000,9.208,7.922,0.792
8.830,10.000,9.193,8.075,0.807
8.840,10.000,9.232,7.675,0.768
8.850,10.000,9.270,7.296,0.730
8.860,10.000,9.260,7.401,0.740
8.870,10.000,9.201,7.991,0.799
8.880,10.000,9.223,7.773,0.777
8.890,10.000,9.225,7.754,0.775
8.900,10.000,9.236,7.638,0.764
8.910,10.000,9.251,7.486,0.749
8.920,10.000,9.193,8.067,0.807
8.930,10.000,9.214,7.864,0.786
8.940,10.000,9.233,7.672,0.767
8.950,10.000,9.186,8.139,0.814
8.960,10.000,9.235,7.645,0.765
8.970,10.000,9.240,7.603,0.760
8.980,10.000,9.187,8.129,0.813
8.990,10.000,9.263,7.371,0.737
9.000,10.000,9.230,7.702,0.770
9.010,10.000,9.237,7.633,0.763
9.020,10.000,9.269,7.310,0.731
9.030,10.000,9.265,7.349,0.735
9.040,10.000,9.268,7.317,0.732
9.050,10.000,9.237,7.629,0.763
9.060,10.000,9.242,7.583,0.758
9.070,10.000,9.183,8.169,0.817
9.080,10.000,9.255,7.454,0.745
9.090,10.000,9.205,7.946,0.795
9.100,10.000,9.246,7.537,0.754
9.110,10.000,9.231,7.694,0.769
9.120,10.000,9.204,7.957,0.796
9.130,10.000,9.179,8.205,0.821
9.140,10.000,9.251,7.489,0.749
9.150,10.000,9.261,7.388,0.739
9.160,10.000,9.271,7.291,0.729
9.170,10.000,9.229,7.711,0.771
9.180,10.000,9.183,8.169,0.817
9.190,10.000,9.218,7.824,0.782
9.200,10.000,9.180,8.199,0.820
9.210,10.000,9.248,7.516,0.752
9.220,10.000,9.194,8.056,0.806
9.230,10.000,9.202,7.985,0.798
9.240,10.000,9.187,8.135,0.813
9.250,10.000,9.254,7.456,0.746
9.260,10.000,9.211,7.888,0.789
9.270,10.000,9.242,7.577,0.758
9.280,10.000,9.211,7.886,0.789
9.290,10.000,9.219,7.813,0.781
9.300,10.000,9.223,7.774,0.777
9.310,10.000,9.262,7.383,0.738
9.320,10.000,9.273,7.273,0.727
9.330,10.000,9.206,7.940,0.794
9.340,10.000,9.245,7.554,0.755
9.350,10.000,9.262,7.380,0.738
9.360,10.000,9.267,7.331,0.733
9.370,10.000,9.207,7.932,0.793
9.380,10.000,9.268,7.315,0.732
9.390,10.000,9.242,7.584,0.758
9.400,10.000,9.235,7.647,0.765
9.410,10.000,9.235,7.654,0.765
9.420,10.000,9.195,8.050,0.805
9.430,10.000,9.265,7.348,0.735
9.440,10.000,9.236,7.638,0.764
9.450,10.000,9.265,7.350,0.735
9.460,10.000,9.242,7.576,0.758
9.470,10.000,9.226,7.737,0.774
9.480,10.000,9.216,7.839,0.784
9.490,10.000,9.250,7.495,0.750
9.500,10.000,9.266,7.345,0.734
9.510,10.000,9.215,7.853,0.785
9.520,10.000,9.214,7.856,0.786
9.530,10.000,9.179,8.213,0.821
9.540,10.000,9.238,7.620,0.762
9.550,10.000,9.220,7.805,0.780
9.560,10.000,9.249,7.513,0.751
9.570,10.000,9.262,7.380,0.738
9.580,10.000,9.272,7.279,0.728
9.590,10.000,9.268,7.320,0.732
9.600,10.000,9.186,8.137,0.814
9.610,10.000,9.204,7.958,0.796
9.620,10.000,9.243,7.571,0.757
9.630,10.000,9.176,8.244,0.824
9.640,10.000,9.230,7.701,0.770
9.650,10.000,9.204,7.958,0.796
9.660,10.000,9.257,7.426,0.743
9.670,10.000,9.214,7.864,0.786
9.680,10.000,9.231,7.690,0.769
9.690,10.000,9.243,7.572,0.757
9.700,10.000,9.275,7.247,0.725
9.710,10.000,9.183,8.167,0.817
9.720,10.000,9.198,8.025,0.802
9.730,10.000,9.193,8.066,0.807
9.740,10.000,9.274,7.257,0.726
9.750,10.000,9.256,7.439,0.744
9.760,10.000,9.278,7.224,0.722
9.770,10.000,9.233,7.671,0.767
9.780,10.000,9.202,7.981,0.798
9.790,10.000,9.216,7.839,0.784
9.800,10.000,9.209,7.914,0.791
9.810,10.000,9.195,8.048,0.805
9.820,10.000,9.261,7.390,0.739
9.830,10.000,9.250,7.505,0.750
9.840,10.000,9.197,8.031,0.803
9.850,10.000,9.219,7.812,0.781
9.860,10.000,9.192,8.082,0.808
9.870,10.000,9.271,7.288,0.729
9.880,10.000,9.203,7.970,0.797
9.890,10.000,9.189,8.111,0.811
9.900,10.000,9.267,7.332,0.733
9.910,10.000,9.219,7.807,0.781
9.920,10.000,9.219,7.806,0.781
9.930,10.000,9.232,7.675,0.768
9.940,10.000,9.221,7.794,0.779
9.950,10.000,9.272,7.285,0.728
9.960,10.000,9.256,7.443,0.744
9.970,10.000,9.194,8.059,0.806
9.980,10.000,9.204,7.956,0.796
9.990,10.000,9.209,7.911,0.791
10.000,10.000,9.262,7.381,0.738
10.010,10.000,9.201,7.986,0.799
10.020,10.000,9.217,7.833,0.783
10.030,10.000,9.281,7.194,0.719
10.040,10.000,9.213,7.872,0.787
10.050,10.000,9.206,7.939,0.794
10.060,10.000,9.255,7.449,0.745
10.070,10.000,9.212,7.881,0.788
10.080,10.000,9.263,7.366,0.737
10.090,10.000,9.278,7.221,0.722
10.100,10.000,9.246,7.541,0.754
10.110,10.000,9.187,8.131,0.813
10.120,10.000,9.191,8.087,0.809
10.130,10.000,9.228,7.718,0.772
10.140,10.000,9.261,7.394,0.739
10.150,10.000,9.209,7.909,0.791
10.160,10.000,9.265,7.353,0.735
10.170,10.000,9.267,7.328,0.733
10.180,10.000,9.192,8.077,0.808
10.190,10.000,9.283,7.167,0.717
10.200,10.000,9.269,7.311,0.731
10.210,10.000,9.269,7.307,0.731
10.220,10.000,9.210,7.896,0.790
10.230,10.000,9.200,8.002,0.800
10.240,10.000,9.217,7.831,0.783
10.250,10.000,9.249,7.506,0.751
10.260,10.000,9.187,8.133,0.813
10.270,10.000,9.191,8.088,0.809
10.280,10.000,9.265,7.349,0.735
10.290,10.000,9.210,7.904,0.790
10.300,10.000,9.216,7.844,0.784
10.310,10.000,9.240,7.602,0.760
10.320,10.000,9.227,7.728,0.773
10.330,10.000,9.246,7.543,0.754
10.340,10.000,9.231,7.688,0.769
10.350,10.000,9.254,7.456,0.746
10.360,10.000,9.263,7.365,0.737
10.370,10.000,9.195,8.045,0.805
10.380,10.000,9.279,7.209,0.721
10.390,10.000,9.237,7.629,0.763
10.400,10.000,9.187,8.128,0.813
10.410,10.000,9.242,7.579,0.758
10.420,10.000,9.244,7.557,0.756
10.430,10.000,9.196,8.042,0.804
10.440,10.000,9.185,8.153,0.815
10.450,10.000,9.223,7.775,0.777
10.460,10.000,9.226,7.744,0.774
10.470,10.000,9.267,7.329,0.733
10.480,10.000,9.204,7.955,0.796
10.490,10.000,9.236,7.640,0.764
10.500,10.000,9.265,7.345,0.735
10.510,10.000,9.192,8.082,0.808
10.520,10.000,9.227,7.732,0.773
10.530,10.000,9.200,7.998,0.800
10.540,10.000,9.219,7.814,0.781
10.550,10.000,9.267,7.329,0.733
10.560,10.000,9.270,7.302,0.730
10.570,10.000,9.222,7.775,0.778
10.580,10.000,9.273,7.275,0.727
10.590,10.000,9.247,7.535,0.753
10.600,10.000,9.247,7.528,0.753
10.610,10.000,9.200,7.995,0.800
10.620,10.000,9.202,7.979,0.798
10.630,10.000,9.193,8.065,0.807
10.640,10.000,9.268,7.318,0.732
10.650,10.000,9.252,7.478,0.748
10.660,10.000,9.264,7.363,0.736
10.670,10.000,9.245,7.552,0.755
10.680,10.000,9.264,7.358,0.736
10.690,10.000,9.256,7.435,0.744
10.700,10.000,9.199,8.011,0.801
10.710,10.000,9.272,7.284,0.728
10.720,10.000,9.216,7.843,0.784
10.730,10.000,9.263,7.366,0.737
10.740,10.000,9.185,8.155,0.815
10.750,10.000,9.221,7.793,0.779
10.760,10.000,9.203,7.968,0.797
10.770,10.000,9.231,7.695,0.769
10.780,10.000,9.205,7.949,0.795
10.790,10.000,9.228,7.719,0.772
10.800,10.000,9.184,8.161,0.816
10.810,10.000,9.191,8.089,0.809
10.820,10.000,9.243,7.568,0.757
10.830,10.000,9.231,7.692,0.769
10.840,10.000,9.208,7.916,0.792
10.850,10.000,9.276,7.240,0.724
10.860,10.000,9.209,7.906,0.791
10.870,10.000,9.193,8.067,0.807
10.880,10.000,9.217,7.832,0.783
10.890,10.000,9.203,7.967,0.797
10.900,10.000,9.264,7.360,0.736
10.910,10.000,9.285,7.151,0.715
10.920,10.000,9.222,7.784,0.778
10.930,10.000,9.281,7.190,0.719
10.940,10.000,9.191,8.095,0.809
10.950,10.000,9.205,7.945,0.795
10.960,10.000,9.252,7.479,0.748
10.970,10.000,9.276,7.239,0.724
10.980,10.000,9.269,7.310,0.731
10.990,10.000,9.232,7.680,0.768
11.000,10.000,9.252,7.484,0.748
11.010,10.000,9.190,8.101,0.810
11.020,10.000,9.228,7.717,0.772
11.030,10.000,9.195,8.052,0.805
11.040,10.000,9.183,8.168,0.817
11.050,10.000,9.245,7.549,0.755
11.060,10.000,9.244,7.561,0.756
11.070,10.000,9.211,7.888,0.789
11.080,10.000,9.197,8.030,0.803
11.090,10.000,9.273,7.267,0.727
11.100,10.000,9.260,7.398,0.740
11.110,10.000,9.199,8.013,0.801
11.120,10.000,9.279,7.207,0.721
11.130,10.000,9.216,7.843,0.784
11.140,10.000,9.245,7.548,0.755
11.150,10.000,9.201,7.994,0.799
11.160,10.000,9.208,7.920,0.792
11.170,10.000,9.274,7.260,0.726
11.180,10.000,9.210,7.896,0.790
11.190,10.000,9.238,7.615,0.762
11.200,10.000,9.188,8.116,0.812
11.210,10.000,9.189,8.111,0.811
11.220,10.000,9.241,7.588,0.759
11.230,10.000,9.231,7.691,0.769
11.240,10.000,9.188,8.122,0.812
11.250,10.000,9.253,7.473,0.747
11.260,10.000,9.254,7.458,0.746
11.270,10.000,9.255,7.453,0.745
11.280,10.000,9.241,7.590,0.759
11.290,10.000,9.239,7.612,0.761
11.300,10.000,9.206,7.944,0.794
11.310,10.000,9.215,7.855,0.785
11.320,10.000,9.253,7.466,0.747
11.330,10.000,9.255,7.447,0.745
11.340,10.000,9.228,7.724,0.772
11.350,10.000,9.252,7.481,0.748
11.360,10.000,9.213,7.871,0.787
11.370,10.000,9.187,8.125,0.813
11.380,10.000,9.282,7.177,0.718
11.390,10.000,9.226,7.739,0.774
11.400,10.000,9.274,7.258,0.726
11.410,10.000,9.253,7.467,0.747
11.420,10.000,9.239,7.608,0.761
11.430,10.000,9.265,7.348,0.735
11.440,10.000,9.184,8.159,0.816
11.450,10.000,9.203,7.973,0.797
11.460,10.000,9.187,8.127,0.813
11.470,10.000,9.216,7.836,0.784
11.480,10.000,9.198,8.022,0.802
11.490,10.000,9.221,7.785,0.779
11.500,10.000,9.275,7.246,0.725
11.510,10.000,9.204,7.964,0.796
11.520,10.000,9.225,7.750,0.775
11.530,10.000,9.229,7.714,0.771
11.540,10.000,9.250,7.501,0.750
11.550,10.000,9.225,7.746,0.775
11.560,10.000,9.191,8.087,0.809
11.570,10.000,9.218,7.823,0.782
11.580,10.000,9.197,8.029,0.803
11.590,10.000,9.252,7.476,0.748
11.600,10.000,9.274,7.264,0.726
11.610,10.000,9.217,7.830,0.783
11.620,10.000,9.279,7.215,0.721
11.630,10.000,9.236,7.639,0.764
11.640,10.000,9.185,8.150,0.815
11.650,10.000,9.222,7.778,0.778
11.660,10.000,9.207,7.926,0.793
11.670,10.000,9.220,7.798,0.780
11.680,10.000,9.229,7.712,0.771
11.690,10.000,9.206,7.942,0.794
11.700,10.000,9.266,7.343,0.734
11.710,10.000,9.219,7.807,0.781
11.720,10.000,9.279,7.214,0.721
11.730,10.000,9.221,7.786,0.779
11.740,10.000,9.204,7.958,0.796
11.750,10.000,9.285,7.146,0.715
11.760,10.000,9.244,7.565,0.756
11.770,10.000,9.208,7.922,0.792
11.780,10.000,9.215,7.846,0.785
11.790,10.000,9.258,7.417,0.742
11.800,10.000,9.243,7.566,0.757
11.810,10.000,9.202,7.977,0.798
11.820,10.000,9.277,7.231,0.723
11.830,10.000,9.281,7.193,0.719
11.840,10.000,9.241,7.594,0.759
11.850,10.000,9.234,7.659,0.766
11.860,10.000,9.217,7.828,0.783
11.870,10.000,9.246,7.536,0.754
11.880,10.000,9.264,7.363,0.736
11.890,10.000,9.224,7.763,0.776
11.900,10.000,9.206,7.941,0.794
11.910,10.000,9.248,7.519,0.752
11.920,10.000,9.255,7.450,0.745
11.930,10.000,9.196,8.039,0.804
11.940,10.000,9.199,8.006,0.801
11.950,10.000,9.258,7.416,0.742
11.960,10.000,9.234,7.661,0.766
11.970,10.000,9.219,7.806,0.781
11.980,10.000,9.189,8.113,0.811
11.990,10.000,9.276,7.236,0.724
12.000,10.000,9.236,7.636,0.764
12.010,10.000,9.263,7.370,0.737
12.020,10.000,9.202,7.979,0.798
12.030,10.000,9.225,7.748,0.775
12.040,10.000,9.198,8.018,0.802
12.050,10.000,9.223,7.767,0.777
12.060,10.000,9.225,7.752,0.775
12.070,10.000,9.259,7.407,0.741
12.080,10.000,9.246,7.541,0.754
12.090,10.000,9.252,7.478,0.748
12.100,10.000,9.227,7.730,0.773
12.110,10.000,9.202,7.976,0.798
12.120,10.000,9.271,7.290,0.729
12.130,10.000,9.218,7.825,0.782
12.140,10.000,9.200,7.999,0.800
12.150,10.000,9.232,7.683,0.768
12.160,10.000,9.275,7.253,0.725
12.170,10.000,9.237,7.629,0.763
12.180,10.000,9.195,8.050,0.805
12.190,10.000,9.258,7.417,0.742
12.200,10.000,9.184,8.163,0.816
12.210,10.000,9.227,7.734,0.773
12.220,10.000,9.229,7.713,0.771
12.230,10.000,9.264,7.362,0.736
12.240,10.000,9.244,7.556,0.756
12.250,10.000,9.247,7.534,0.753
12.260,10.000,9.238,7.623,0.762
12.270,10.000,9.197,8.030,0.803
12.280,10.000,9.188,8.121,0.812
12.290,10.000,9.251,7.489,0.749
12.300,10.000,9.195,8.052,0.805
12.310,10.000,9.248,7.516,0.752
12.320,10.000,9.235,7.650,0.765
12.330,10.000,9.221,7.794,0.779
12.340,10.000,9.194,8.060,0.806
12.350,10.000,9.257,7.434,0.743
12.360,10.000,9.264,7.359,0.736
12.370,10.000,9.236,7.641,0.764
12.380,10.000,9.230,7.700,0.770
12.390,10.000,9.227,7.726,0.773
12.400,10.000,9.209,7.913,0.791
12.410,10.000,9.281,7.195,0.719
12.420,10.000,9.250,7.499,0.750
12.430,10.000,9.197,8.031,0.803
12.440,10.000,9.218,7.816,0.782
12.450,10.000,9.273,7.266,0.727
12.460,10.000,9.249,7.515,0.751
12.470,10.000,9.210,7.900,0.790
12.480,10.000,9.231,7.694,0.769
12.490,10.000,9.267,7.335,0.733
12.500,10.000,9.188,8.119,0.812
12.510,10.000,9.237,7.630,0.763
12.520,10.000,9.213,7.874,0.787
12.530,10.000,9.239,7.607,0.761
12.540,10.000,9.220,7.799,0.780
12.550,10.000,9.179,8.207,0.821
12.560,10.000,9.211,7.890,0.789
12.570,10.000,9.185,8.145,0.815
12.580,10.000,9.207,7.935,0.793
12.590,10.000,9.225,7.747,0.775
12.600,10.000,9.260,7.404,0.740
12.610,10.000,9.221,7.790,0.779
12.620,10.000,9.190,8.096,0.810
12.630,10.000,9.215,7.855,0.785
12.640,10.000,9.264,7.356,0.736
12.650,10.000,9.204,7.960,0.796
12.660,10.000,9.288,7.123,0.712
12.670,10.000,9.242,7.578,0.758
12.680,10.000,9.257,7.431,0.743
12.690,10.000,9.232,7.681,0.768
12.700,10.000,9.187,8.128,0.813
12.710,10.000,9.286,7.137,0.714
12.720,10.000,9.230,7.699,0.770
12.730,10.000,9.258,7.420,0.742
12.740,10.000,9.201,7.992,0.799
12.750,10.000,9.269,7.309,0.731
12.760,10.000,9.249,7.510,0.751
12.770,10.000,9.270,7.300,0.730
12.780,10.000,9.197,8.033,0.803
12.790,10.000,9.200,7.997,0.800
12.800,10.000,9.260,7.398,0.740
12.810,10.000,9.211,7.889,0.789
12.820,10.000,9.260,7.398,0.740
12.830,10.000,9.192,8.076,0.808
12.840,10.000,9.273,7.270,0.727
12.850,10.000,9.200,8.004,0.800
12.860,10.000,9.194,8.059,0.806
12.870,10.000,9.203,7.968,0.797
12.880,10.000,9.207,7.927,0.793
12.890,10.000,9.220,7.804,0.780
12.900,10.000,9.244,7.555,0.756
12.910,10.000,9.280,7.199,0.720
12.920,10.000,9.251,7.488,0.749
12.930,10.000,9.243,7.570,0.757
12.940,10.000,9.201,7.995,0.799
12.950,10.000,9.225,7.746,0.775
12.960,10.000,9.260,7.396,0.740
12.970,10.000,9.199,8.010,0.801
12.980,10.000,9.282,7.180,0.718
12.990,10.000,9.229,7.711,0.771
13.000,10.000,9.246,7.540,0.754
13.010,10.000,9.182,8.184,0.818
13.020,10.000,9.231,7.689,0.769
13.030,10.000,9.195,8.049,0.805
13.040,10.000,9.262,7.384,0.738
13.050,10.000,9.251,7.493,0.749
13.060,10.000,9.280,7.199,0.720
13.070,10.000,9.224,7.763,0.776
13.080,10.000,9.237,7.628,0.763
13.090,10.000,9.197,8.035,0.803
13.100,10.000,9.247,7.533,0.753
13.110,10.000,9.217,7.832,0.783
13.120,10.000,9.230,7.699,0.770
13.130,10.000,9.226,7.740,0.774
13.140,10.000,9.231,7.685,0.769
13.150,10.000,9.222,7.779,0.778
13.160,10.000,9.248,7.523,0.752
13.170,10.000,9.244,7.556,0.756
13.180,10.000,9.241,7.588,0.759
13.190,10.000,9.268,7.319,0.732
13.200,10.000,9.275,7.255,0.725
13.210,10.000,9.194,8.063,0.806
13.220,10.000,9.260,7.400,0.740
13.230,10.000,9.241,7.590,0.759
13.240,10.000,9.255,7.447,0.745
13.250,10.000,9.176,8.239,0.824
13.260,10.000,9.185,8.147,0.815
13.270,10.000,9.237,7.626,0.763
13.280,10.000,9.200,8.003,0.800
13.290,10.000,9.189,8.114,0.811
13.300,10.000,9.191,8.094,0.809
13.310,10.000,9.273,7.274,0.727
13.320,10.000,9.194,8.065,0.806
13.330,10.000,9.242,7.583,0.758
13.340,10.000,9.185,8.153,0.815
13.350,10.000,9.275,7.247,0.725
13.360,10.000,9.210,7.905,0.790
13.370,10.000,9.185,8.149,0.815
13.380,10.000,9.222,7.778,0.778
13.390,10.000,9.273,7.273,0.727
13.400,10.000,9.204,7.959,0.796
13.410,10.000,9.188,8.118,0.812
13.420,10.000,9.212,7.882,0.788
13.430,10.000,9.259,7.407,0.741
13.440,10.000,9.236,7.641,0.764
13.450,10.000,9.262,7.382,0.738
13.460,10.000,9.197,8.030,0.803
13.470,10.000,9.202,7.976,0.798
13.480,10.000,9.228,7.719,0.772
13.490,10.000,9.263,7.371,0.737
13.500,10.000,9.192,8.082,0.808
13.510,10.000,9.227,7.732,0.773
13.520,10.000,9.283,7.165,0.717
13.530,10.000,9.275,7.249,0.725
13.540,10.000,9.188,8.120,0.812
13.550,10.000,9.262,7.382,0.738
13.560,10.000,9.277,7.230,0.723
13.570,10.000,9.196,8.044,0.804
13.580,10.000,9.218,7.816,0.782
13.590,10.000,9.199,8.011,0.801
13.600,10.000,9.209,7.908,0.791
13.610,10.000,9.231,7.694,0.769
13.620,10.000,9.190,8.101,0.810
13.630,10.000,9.224,7.758,0.776
13.640,10.000,9.291,7.094,0.709
13.650,10.000,9.190,8.099,0.810
13.660,10.000,9.212,7.878,0.788
13.670,10.000,9.216,7.838,0.784
13.680,10.000,9.194,8.055,0.806
13.690,10.000,9.251,7.493,0.749
13.700,10.000,9.202,7.976,0.798
13.710,10.000,9.215,7.846,0.785
13.720,10.000,9.253,7.471,0.747
13.730,10.000,9.225,7.745,0.775
13.740,10.000,9.284,7.164,0.716
13.750,10.000,9.195,8.046,0.805
13.760,10.000,9.198,8.024,0.802
13.770,10.000,9.295,7.055,0.705
13.780,10.000,9.209,7.909,0.791
13.790,10.000,9.235,7.655,0.765
13.800,10.000,9.264,7.361,0.736
13.810,10.000,9.211,7.888,0.789
13.820,10.000,9.269,7.308,0.731
13.830,10.000,9.253,7.470,0.747
13.840,10.000,9.196,8.041,0.804
13.850,10.000,9.270,7.297,0.730
13.860,10.000,9.225,7.747,0.775
13.870,10.000,9.287,7.130,0.713
13.880,10.000,9.277,7.226,0.723
13.890,10.000,9.253,7.473,0.747
13.900,10.000,9.192,8.075,0.808
13.910,10.000,9.197,8.030,0.803
13.920,10.000,9.197,8.028,0.803
13.930,10.000,9.200,8.002,0.800
13.940,10.000,9.236,7.643,0.764
13.950,10.000,9.200,8.004,0.800
13.960,10.000,9.205,7.949,0.795
13.970,10.000,9.260,7.396,0.740
13.980,10.000,9.226,7.742,0.774
13.990,10.000,9.207,7.929,0.793
14.000,10.000,9.217,7.835,0.783
14.010,10.000,9.237,7.626,0.763
14.020,10.000,9.229,7.706,0.771
14.030,10.000,9.274,7.259,0.726
14.040,10.000,9.265,7.345,0.735
14.050,10.000,9.214,7.863,0.786
14.060,10.000,9.274,7.256,0.726
14.070,10.000,9.266,7.341,0.734
14.080,10.000,9.209,7.909,0.791
14.090,10.000,9.189,8.114,0.811
14.100,10.000,9.209,7.905,0.791
14.110,10.000,9.286,7.143,0.714
14.120,10.000,9.210,7.901,0.790
14.130,10.000,9.186,8.136,0.814
14.140,10.000,9.250,7.499,0.750
14.150,10.000,9.221,7.793,0.779
14.160,10.000,9.269,7.310,0.731
14.170,10.000,9.285,7.149,0.715
14.180,10.000,9.215,7.850,0.785
14.190,10.000,9.257,7.426,0.743
14.200,10.000,9.252,7.476,0.748
14.210,10.000,9.225,7.746,0.775
14.220,10.000,9.269,7.306,0.731
14.230,10.000,9.262,7.381,0.738
14.240,10.000,9.235,7.651,0.765
14.250,10.000,9.212,7.875,0.788
14.260,10.000,9.273,7.274,0.727
14.270,10.000,9.249,7.514,0.751
14.280,10.000,9.179,8.207,0.821
14.290,10.000,9.209,7.915,0.791
14.300,10.000,9.269,7.305,0.731
14.310,10.000,9.207,7.931,0.793
14.320,10.000,9.255,7.455,0.745
14.330,10.000,9.205,7.948,0.795
14.340,10.000,9.191,8.088,0.809
14.350,10.000,9.234,7.662,0.766
14.360,10.000,9.236,7.640,0.764
14.370,10.000,9.180,8.202,0.820
14.380,10.000,9.217,7.827,0.783
14.390,10.000,9.266,7.342,0.734
14.400,10.000,9.186,8.140,0.814
14.410,10.000,9.241,7.585,0.759
14.420,10.000,9.263,7.365,0.737
14.430,10.000,9.211,7.886,0.789
14.440,10.000,9.241,7.594,0.759
14.450,10.000,9.224,7.763,0.776
14.460,10.000,9.246,7.542,0.754
14.470,10.000,9.221,7.794,0.779
14.480,10.000,9.223,7.765,0.777
14.490,10.000,9.279,7.213,0.721
14.500,10.000,9.193,8.070,0.807
14.510,10.000,9.194,8.058,0.806
14.520,10.000,9.225,7.745,0.775
14.530,10.000,9.187,8.133,0.813
14.540,10.000,9.283,7.171,0.717
14.550,10.000,9.184,8.162,0.816
14.560,10.000,9.225,7.747,0.775
14.570,10.000,9.278,7.218,0.722
14.580,10.000,9.258,7.422,0.742
14.590,10.000,9.227,7.734,0.773
14.600,10.000,9.206,7.944,0.794
14.610,10.000,9.249,7.508,0.751
14.620,10.000,9.258,7.418,0.742
14.630,10.000,9.181,8.185,0.819
14.640,10.000,9.279,7.214,0.721
14.650,10.000,9.270,7.298,0.730
14.660,10.000,9.233,7.670,0.767
14.670,10.000,9.229,7.705,0.771
14.680,10.000,9.268,7.318,0.732
14.690,10.000,9.266,7.345,0.734
14.700,10.000,9.208,7.922,0.792
14.710,10.000,9.270,7.299,0.730
14.720,10.000,9.220,7.798,0.780
14.730,10.000,9.188,8.122,0.812
14.740,10.000,9.201,7.988,0.799
14.750,10.000,9.183,8.166,0.817
14.760,10.000,9.237,7.630,0.763
14.770,10.000,9.269,7.309,0.731
14.780,10.000,9.223,7.771,0.777
14.790,10.000,9.276,7.236,0.724
14.800,10.000,9.261,7.390,0.739
14.810,10.000,9.232,7.676,0.768
14.820,10.000,9.184,8.158,0.816
14.830,10.000,9.203,7.965,0.797
14.840,10.000,9.239,7.607,0.761
14.850,10.000,9.184,8.157,0.816
14.860,10.000,9.208,7.925,0.792
14.870,10.000,9.282,7.183,0.718
14.880,10.000,9.277,7.232,0.723
14.890,10.000,9.277,7.230,0.723
14.900,10.000,9.217,7.826,0.783
14.910,10.000,9.195,8.049,0.805
14.920,10.000,9.242,7.576,0.758
14.930,10.000,9.195,8.050,0.805
14.940,10.000,9.199,8.010,0.801
14.950,10.000,9.240,7.598,0.760
14.960,10.000,9.187,8.126,0.813
14.970,10.000,9.257,7.430,0.743
14.980,10.000,9.191,8.087,0.809
14.990,10.000,9.280,7.199,0.720
15.000,10.000,9.244,7.563,0.756
15.010,10.000,9.223,7.769,0.777
15.020,10.000,9.271,7.291,0.729
15.030,10.000,9.187,8.125,0.813
15.040,10.000,9.237,7.628,0.763
15.050,10.000,9.195,8.050,0.805
15.060,10.000,9.196,8.035,0.804
15.070,10.000,9.196,8.037,0.804
15.080,10.000,9.189,8.109,0.811
15.090,10.000,9.247,7.530,0.753
15.100,10.000,9.197,8.032,0.803
15.110,10.000,9.277,7.232,0.723
15.120,10.000,9.203,7.973,0.797
15.130,10.000,9.207,7.930,0.793
15.140,10.000,9.203,7.971,0.797
15.150,10.000,9.267,7.327,0.733
15.160,10.000,9.213,7.867,0.787
15.170,10.000,9.229,7.708,0.771
15.180,10.000,9.265,7.352,0.735
15.190,10.000,9.209,7.909,0.791
15.200,10.000,9.228,7.718,0.772
15.210,10.000,9.207,7.929,0.793
15.220,10.000,9.232,7.683,0.768
15.230,10.000,9.195,8.054,0.805
15.240,10.000,9.229,7.713,0.771
15.250,10.000,9.254,7.461,0.746
15.260,10.000,9.255,7.454,0.745
15.270,10.000,9.233,7.670,0.767
15.280,10.000,9.225,7.750,0.775
15.290,10.000,9.263,7.367,0.737
15.300,10.000,9.228,7.725,0.772
15.310,10.000,9.286,7.135,0.714
15.320,10.000,9.201,7.988,0.799
15.330,10.000,9.217,7.834,0.783
15.340,10.000,9.195,8.048,0.805
15.350,10.000,9.262,7.375,0.738
15.360,10.000,9.232,7.676,0.768
15.370,10.000,9.209,7.907,0.791
15.380,10.000,9.274,7.264,0.726
15.390,10.000,9.234,7.664,0.766
15.400,10.000,9.266,7.341,0.734
15.410,10.000,9.278,7.224,0.722
15.420,10.000,9.215,7.846,0.785
15.430,10.000,9.277,7.226,0.723
15.440,10.000,9.191,8.088,0.809
15.450,10.000,9.229,7.714,0.771
15.460,10.000,9.253,7.474,0.747
15.470,10.000,9.216,7.839,0.784
15.480,10.000,9.267,7.330,0.733
15.490,10.000,9.224,7.757,0.776
15.500,10.000,9.236,7.642,0.764
15.510,10.000,9.203,7.966,0.797
15.520,10.000,9.243,7.567,0.757
15.530,10.000,9.277,7.231,0.723
15.540,10.000,9.205,7.950,0.795
15.550,10.000,9.277,7.231,0.723
15.560,10.000,9.234,7.664,0.766
15.570,10.000,9.266,7.335,0.734
15.580,10.000,9.215,7.855,0.785
15.590,10.000,9.267,7.328,0.733
15.600,10.000,9.236,7.640,0.764
15.610,10.000,9.252,7.478,0.748
15.620,10.000,9.261,7.387,0.739
15.630,10.000,9.249,7.513,0.751
15.640,10.000,9.178,8.223,0.822
15.650,10.000,9.269,7.309,0.731
15.660,10.000,9.221,7.787,0.779
15.670,10.000,9.224,7.762,0.776
15.680,10.000,9.189,8.105,0.811
15.690,10.000,9.209,7.906,0.791
15.700,10.000,9.175,8.248,0.825
15.710,10.000,9.276,7.237,0.724
15.720,10.000,9.205,7.952,0.795
15.730,10.000,9.211,7.885,0.789
15.740,10.000,9.271,7.285,0.729
15.750,10.000,9.217,7.831,0.783
15.760,10.000,9.258,7.421,0.742
15.770,10.000,9.239,7.610,0.761
15.780,10.000,9.251,7.488,0.749
15.790,10.000,9.240,7.598,0.760
15.800,10.000,9.182,8.182,0.818
15.810,10.000,9.209,7.914,0.791
15.820,10.000,9.268,7.320,0.732
15.830,10.000,9.246,7.539,0.754
15.840,10.000,9.203,7.965,0.797
15.850,10.000,9.194,8.059,0.806
15.860,10.000,9.247,7.531,0.753
15.870,10.000,9.264,7.363,0.736
15.880,10.000,9.184,8.163,0.816
15.890,10.000,9.187,8.127,0.813
15.900,10.000,9.259,7.407,0.741
15.910,10.000,9.251,7.494,0.749
15.920,10.000,9.267,7.335,0.733
15.930,10.000,9.244,7.558,0.756
15.940,10.000,9.226,7.744,0.774
15.950,10.000,9.273,7.269,0.727
15.960,10.000,9.239,7.615,0.761
15.970,10.000,9.175,8.253,0.825
15.980,10.000,9.227,7.729,0.773
15.990,10.000,9.261,7.394,0.739
16.000,10.000,9.213,7.872,0.787
16.010,10.000,9.227,7.726,0.773
16.020,10.000,9.259,7.415,0.741
16.030,10.000,9.242,7.578,0.758
16.040,10.000,9.260,7.400,0.740
16.050,10.000,9.248,7.519,0.752
16.060,10.000,9.180,8.198,0.820
16.070,10.000,9.242,7.581,0.758
16.080,10.000,9.214,7.862,0.786
16.090,10.000,9.261,7.394,0.739
16.100,10.000,9.208,7.923,0.792
16.110,10.000,9.224,7.763,0.776
16.120,10.000,9.194,8.062,0.806
16.130,10.000,9.203,7.971,0.797
16.140,10.000,9.200,8.004,0.800
16.150,10.000,9.229,7.707,0.771
16.160,10.000,9.225,7.748,0.775
16.170,10.000,9.271,7.289,0.729
16.180,10.000,9.214,7.858,0.786
16.190,10.000,9.233,7.670,0.767
16.200,10.000,9.179,8.208,0.821
16.210,10.000,9.197,8.028,0.803
16.220,10.000,9.210,7.900,0.790
16.230,10.000,9.275,7.254,0.725
16.240,10.000,9.267,7.332,0.733
16.250,10.000,9.258,7.425,0.742
16.260,10.000,9.266,7.335,0.734
16.270,10.000,9.227,7.729,0.773
16.280,10.000,9.257,7.432,0.743
16.290,10.000,9.215,7.851,0.785
16.300,10.000,9.212,7.882,0.788
16.310,10.000,9.196,8.036,0.804
16.320,10.000,9.272,7.284,0.728
16.330,10.000,9.196,8.040,0.804
16.340,10.000,9.267,7.332,0.733
16.350,10.000,9.256,7.438,0.744
16.360,10.000,9.271,7.286,0.729
16.370,10.000,9.271,7.292,0.729
16.380,10.000,9.219,7.813,0.781
16.390,10.000,9.209,7.914,0.791
16.400,10.000,9.258,7.425,0.742
16.410,10.000,9.255,7.450,0.745
16.420,10.000,9.257,7.426,0.743
16.430,10.000,9.173,8.270,0.827
16.440,10.000,9.182,8.175,0.818
16.450,10.000,9.184,8.158,0.816
16.460,10.000,9.232,7.681,0.768
16.470,10.000,9.234,7.663,0.766
16.480,10.000,9.178,8.222,0.822
16.490,10.000,9.272,7.285,0.728
16.500,10.000,9.189,8.114,0.811
16.510,10.000,9.182,8.183,0.818
16.520,10.000,9.190,8.099,0.810
16.530,10.000,9.223,7.771,0.777
16.540,10.000,9.277,7.227,0.723
16.550,10.000,9.275,7.253,0.725
16.560,10.000,9.195,8.047,0.805
16.570,10.000,9.262,7.380,0.738
16.580,10.000,9.223,7.769,0.777
16.590,10.000,9.276,7.238,0.724
16.600,10.000,9.198,8.023,0.802
16.610,10.000,9.259,7.415,0.741
16.620,10.000,9.193,8.070,0.807
16.630,10.000,9.193,8.074,0.807
16.640,10.000,9.281,7.194,0.719
16.650,10.000,9.182,8.176,0.818
16.660,10.000,9.274,7.257,0.726
16.670,10.000,9.274,7.260,0.726
16.680,10.000,9.278,7.220,0.722
16.690,10.000,9.214,7.856,0.786
16.700,10.000,9.207,7.931,0.793
16.710,10.000,9.263,7.374,0.737
16.720,10.000,9.199,8.011,0.801
16.730,10.000,9.196,8.039,0.804
16.740,10.000,9.270,7.304,0.730
16.750,10.000,9.211,7.886,0.789
16.760,10.000,9.207,7.934,0.793
16.770,10.000,9.224,7.756,0.776
16.780,10.000,9.271,7.293,0.729
16.790,10.000,9.207,7.934,0.793
16.800,10.000,9.215,7.851,0.785
16.810,10.000,9.181,8.186,0.819
16.820,10.000,9.213,7.868,0.787
16.830,10.000,9.227,7.735,0.773
16.840,10.000,9.223,7.775,0.777
16.850,10.000,9.206,7.941,0.794
16.860,10.000,9.220,7.801,0.780
16.870,10.000,9.240,7.605,0.760
16.880,10.000,9.286,7.135,0.714
16.890,10.000,9.259,7.414,0.741
16.900,10.000,9.229,7.715,0.771
16.910,10.000,9.200,7.996,0.800
16.920,10.000,9.237,7.635,0.763
16.930,10.000,9.244,7.561,0.756
16.940,10.000,9.212,7.878,0.788
16.950,10.000,9.233,7.667,0.767
16.960,10.000,9.246,7.542,0.754
16.970,10.000,9.203,7.971,0.797
16.980,10.000,9.227,7.732,0.773
16.990,10.000,9.246,7.536,0.754
17.000,10.000,9.243,7.574,0.757
17.010,10.000,9.256,7.444,0.744
17.020,10.000,9.228,7.723,0.772
17.030,10.000,9.263,7.367,0.737
17.040,10.000,9.270,7.296,0.730
17.050,10.000,9.213,7.871,0.787
17.060,10.000,9.194,8.064,0.806
17.070,10.000,9.199,8.011,0.801
17.080,10.000,9.262,7.380,0.738
17.090,10.000,9.186,8.143,0.814
17.100,10.000,9.230,7.703,0.770
17.110,10.000,9.198,8.021,0.802
17.120,10.000,9.191,8.091,0.809
17.130,10.000,9.263,7.365,0.737
17.140,10.000,9.242,7.582,0.758
17.150,10.000,9.228,7.720,0.772
17.160,10.000,9.281,7.187,0.719
17.170,10.000,9.271,7.289,0.729
17.180,10.000,9.274,7.256,0.726
17.190,10.000,9.273,7.275,0.727
17.200,10.000,9.238,7.616,0.762
17.210,10.000,9.215,7.847,0.785
17.220,10.000,9.189,8.113,0.811
17.230,10.000,9.194,8.061,0.806
17.240,10.000,9.181,8.186,0.819
17.250,10.000,9.226,7.742,0.774
17.260,10.000,9.249,7.512,0.751
17.270,10.000,9.246,7.545,0.754
17.280,10.000,9.244,7.559,0.756
17.290,10.000,9.188,8.117,0.812
17.300,10.000,9.208,7.920,0.792
17.310,10.000,9.206,7.940,0.794
17.320,10.000,9.266,7.338,0.734
17.330,10.000,9.255,7.452,0.745
17.340,10.000,9.185,8.146,0.815
17.350,10.000,9.256,7.441,0.744
17.360,10.000,9.190,8.099,0.810
17.370,10.000,9.204,7.959,0.796
17.380,10.000,9.276,7.235,0.724
17.390,10.000,9.271,7.293,0.729
17.400,10.000,9.205,7.946,0.795
17.410,10.000,9.219,7.809,0.781
17.420,10.000,9.185,8.152,0.815
17.430,10.000,9.216,7.843,0.784
17.440,10.000,9.199,8.010,0.801
17.450,10.000,9.246,7.537,0.754
17.460,10.000,9.260,7.397,0.740
17.470,10.000,9.194,8.060,0.806
17.480,10.000,9.234,7.655,0.766
17.490,10.000,9.255,7.450,0.745
17.500,10.000,9.190,8.103,0.810
17.510,10.000,9.199,8.012,0.801
17.520,10.000,9.199,8.012,0.801
17.530,10.000,9.209,7.907,0.791
17.540,10.000,9.220,7.802,0.780
17.550,10.000,9.204,7.962,0.796
17.560,10.000,9.256,7.445,0.744
17.570,10.000,9.286,7.142,0.714
17.580,10.000,9.264,7.363,0.736
17.590,10.000,9.211,7.887,0.789
17.600,10.000,9.289,7.107,0.711
17.610,10.000,9.284,7.158,0.716
17.620,10.000,9.227,7.727,0.773
17.630,10.000,9.263,7.370,0.737
17.640,10.000,9.250,7.498,0.750
17.650,10.000,9.227,7.725,0.773
17.660,10.000,9.231,7.690,0.769
17.670,10.000,9.256,7.442,0.744
17.680,10.000,9.244,7.557,0.756
17.690,10.000,9.218,7.823,0.782
17.700,10.000,9.240,7.597,0.760
17.710,10.000,9.267,7.331,0.733
17.720,10.000,9.251,7.490,0.749
17.730,10.000,9.237,7.633,0.763
17.740,10.000,9.192,8.083,0.808
17.750,10.000,9.263,7.373,0.737
17.760,10.000,9.193,8.069,0.807
17.770,10.000,9.266,7.343,0.734
17.780,10.000,9.268,7.322,0.732
17.790,10.000,9.236,7.638,0.764
17.800,10.000,9.227,7.730,0.773
17.810,10.000,9.268,7.323,0.732
17.820,10.000,9.243,7.573,0.757
17.830,10.000,9.231,7.687,0.769
17.840,10.000,9.180,8.196,0.820
17.850,10.000,9.270,7.300,0.730
17.860,10.000,9.240,7.597,0.760
17.870,10.000,9.239,7.610,0.761
17.880,10.000,9.257,7.430,0.743
17.890,10.000,9.209,7.907,0.791
17.900,10.000,9.260,7.404,0.740
17.910,10.000,9.253,7.468,0.747
17.920,10.000,9.204,7.959,0.796
17.930,10.000,9.201,7.989,0.799
17.940,10.000,9.234,7.663,0.766
17.950,10.000,9.175,8.250,0.825
17.960,10.000,9.252,7.479,0.748
17.970,10.000,9.185,8.150,0.815
17.980,10.000,9.254,7.459,0.746
17.990,10.000,9.216,7.836,0.784
18.000,10.000,9.226,7.744,0.774
18.010,10.000,9.214,7.859,0.786
18.020,10.000,9.206,7.940,0.794
18.030,10.000,9.202,7.980,0.798
18.040,10.000,9.279,7.212,0.721
18.050,10.000,9.222,7.779,0.778
18.060,10.000,9.186,8.141,0.814
18.070,10.000,9.196,8.041,0.804
18.080,10.000,9.214,7.855,0.786
18.090,10.000,9.283,7.171,0.717
18.100,10.000,9.258,7.424,0.742
18.110,10.000,9.264,7.364,0.736
18.120,10.000,9.270,7.305,0.730
18.130,10.000,9.222,7.777,0.778
18.140,10.000,9.220,7.803,0.780
18.150,10.000,9.177,8.226,0.823
18.160,10.000,9.222,7.778,0.778
18.170,10.000,9.192,8.078,0.808
18.180,10.000,9.251,7.493,0.749
18.190,10.000,9.210,7.904,0.790
18.200,10.000,9.234,7.658,0.766
18.210,10.000,9.239,7.609,0.761
18.220,10.000,9.194,8.061,0.806
18.230,10.000,9.272,7.283,0.728
18.240,10.000,9.270,7.303,0.730
18.250,10.000,9.253,7.466,0.747
18.260,10.000,9.269,7.309,0.731
18.270,10.000,9.241,7.591,0.759
18.280,10.000,9.261,7.394,0.739
18.290,10.000,9.242,7.578,0.758
18.300,10.000,9.179,8.206,0.821
18.310,10.000,9.211,7.890,0.789
18.320,10.000,9.184,8.163,0.816
18.330,10.000,9.215,7.847,0.785
18.340,10.000,9.239,7.607,0.761
18.350,10.000,9.185,8.148,0.815
18.360,10.000,9.263,7.371,0.737
18.370,10.000,9.247,7.527,0.753
18.380,10.000,9.200,7.999,0.800
18.390,10.000,9.193,8.067,0.807
18.400,10.000,9.249,7.506,0.751
18.410,10.000,9.280,7.201,0.720
18.420,10.000,9.276,7.240,0.724
18.430,10.000,9.235,7.651,0.765
18.440,10.000,9.221,7.786,0.779
18.450,10.000,9.218,7.821,0.782
18.460,10.000,9.237,7.627,0.763
18.470,10.000,9.265,7.347,0.735
18.480,10.000,9.229,7.714,0.771
18.490,10.000,9.204,7.965,0.796
18.500,10.000,9.194,8.064,0.806
18.510,10.000,9.185,8.155,0.815
18.520,10.000,9.267,7.327,0.733
18.530,10.000,9.209,7.912,0.791
18.540,10.000,9.274,7.256,0.726
18.550,10.000,9.252,7.479,0.748
18.560,10.000,9.181,8.193,0.819
18.570,10.000,9.265,7.350,0.735
18.580,10.000,9.217,7.825,0.783
18.590,10.000,9.268,7.316,0.732
18.600,10.000,9.231,7.693,0.769
18.610,10.000,9.223,7.769,0.777
18.620,10.000,9.202,7.978,0.798
18.630,10.000,9.240,7.600,0.760
18.640,10.000,9.261,7.395,0.739
18.650,10.000,9.260,7.395,0.740
18.660,10.000,9.241,7.588,0.759
18.670,10.000,9.237,7.634,0.763
18.680,10.000,9.224,7.756,0.776
18.690,10.000,9.261,7.390,0.739
18.700,10.000,9.247,7.533,0.753
18.710,10.000,9.188,8.124,0.812
18.720,10.000,9.258,7.419,0.742
18.730,10.000,9.243,7.570,0.757
18.740,10.000,9.246,7.542,0.754
18.750,10.000,9.200,8.004,0.800
18.760,10.000,9.184,8.161,0.816
18.770,10.000,9.209,7.912,0.791
18.780,10.000,9.193,8.068,0.807
18.790,10.000,9.243,7.568,0.757
18.800,10.000,9.239,7.607,0.761
18.810,10.000,9.210,7.897,0.790
18.820,10.000,9.248,7.521,0.752
18.830,10.000,9.224,7.763,0.776
18.840,10.000,9.239,7.606,0.761
18.850,10.000,9.239,7.605,0.761
18.860,10.000,9.196,8.039,0.804
18.870,10.000,9.243,7.567,0.757
18.880,10.000,9.224,7.756,0.776
18.890,10.000,9.237,7.634,0.763
18.900,10.000,9.231,7.686,0.769
18.910,10.000,9.278,7.222,0.722
18.920,10.000,9.179,8.209,0.821
18.930,10.000,9.256,7.439,0.744
18.940,10.000,9.237,7.629,0.763
18.950,10.000,9.262,7.381,0.738
18.960,10.000,9.236,7.644,0.764
18.970,10.000,9.200,7.997,0.800
18.980,10.000,9.223,7.766,0.777
18.990,10.000,9.187,8.126,0.813
19.000,10.000,9.191,8.087,0.809
19.010,10.000,9.202,7.977,0.798
19.020,10.000,9.209,7.905,0.791
19.030,10.000,9.280,7.201,0.720
19.040,10.000,9.272,7.280,0.728
19.050,10.000,9.278,7.215,0.722
19.060,10.000,9.199,8.006,0.801
19.070,10.000,9.279,7.212,0.721
19.080,10.000,9.207,7.931,0.793
19.090,10.000,9.215,7.848,0.785
19.100,10.000,9.241,7.586,0.759
19.110,10.000,9.269,7.314,0.731
19.120,10.000,9.245,7.553,0.755
19.130,10.000,9.205,7.946,0.795
19.140,10.000,9.212,7.883,0.788
19.150,10.000,9.206,7.935,0.794
19.160,10.000,9.270,7.299,0.730
19.170,10.000,9.230,7.704,0.770
19.180,10.000,9.268,7.316,0.732
19.190,10.000,9.210,7.898,0.790
19.200,10.000,9.185,8.149,0.815
19.210,10.000,9.222,7.782,0.778
19.220,10.000,9.213,7.872,0.787
19.230,10.000,9.192,8.084,0.808
19.240,10.000,9.202,7.983,0.798
19.250,10.000,9.276,7.236,0.724
19.260,10.000,9.277,7.234,0.723
19.270,10.000,9.257,7.429,0.743
19.280,10.000,9.194,8.065,0.806
19.290,10.000,9.220,7.801,0.780
19.300,10.000,9.267,7.325,0.733
19.310,10.000,9.204,7.955,0.796
19.320,10.000,9.239,7.612,0.761
19.330,10.000,9.191,8.092,0.809
19.340,10.000,9.202,7.985,0.798
19.350,10.000,9.231,7.689,0.769
19.360,10.000,9.192,8.075,0.808
19.370,10.000,9.227,7.731,0.773
19.380,10.000,9.232,7.676,0.768
19.390,10.000,9.225,7.753,0.775
19.400,10.000,9.264,7.359,0.736
19.410,10.000,9.193,8.075,0.807
19.420,10.000,9.215,7.849,0.785
19.430,10.000,9.233,7.666,0.767
19.440,10.000,9.225,7.748,0.775
19.450,10.000,9.251,7.495,0.749
19.460,10.000,9.260,7.397,0.740
19.470,10.000,9.213,7.873,0.787
19.480,10.000,9.201,7.994,0.799
19.490,10.000,9.252,7.478,0.748
19.500,10.000,9.249,7.510,0.751
19.510,10.000,9.208,7.916,0.792
19.520,10.000,9.193,8.066,0.807
19.530,10.000,9.284,7.158,0.716
19.540,10.000,9.219,7.808,0.781
19.550,10.000,9.211,7.886,0.789
19.560,10.000,9.274,7.259,0.726
19.570,10.000,9.213,7.874,0.787
19.580,10.000,9.188,8.115,0.812
19.590,10.000,9.191,8.095,0.809
19.600,10.000,9.258,7.418,0.742
19.610,10.000,9.278,7.217,0.722
19.620,10.000,9.214,7.859,0.786
19.630,10.000,9.213,7.869,0.787
19.640,10.000,9.188,8.117,0.812
19.650,10.000,9.238,7.621,0.762
19.660,10.000,9.263,7.367,0.737
19.670,10.000,9.197,8.031,0.803
19.680,10.000,9.278,7.219,0.722
19.690,10.000,9.206,7.937,0.794
19.700,10.000,9.236,7.642,0.764
19.710,10.000,9.254,7.463,0.746
19.720,10.000,9.214,7.861,0.786
19.730,10.000,9.263,7.368,0.737
19.740,10.000,9.197,8.031,0.803
19.750,10.000,9.252,7.475,0.748
19.760,10.000,9.225,7.755,0.775
19.770,10.000,9.272,7.285,0.728
19.780,10.000,9.277,7.232,0.723
19.790,10.000,9.234,7.658,0.766
19.800,10.000,9.230,7.695,0.770
19.810,10.000,9.236,7.636,0.764
19.820,10.000,9.257,7.432,0.743
19.830,10.000,9.235,7.646,0.765
19.840,10.000,9.230,7.704,0.770
19.850,10.000,9.189,8.113,0.811
19.860,10.000,9.263,7.372,0.737
19.870,10.000,9.217,7.830,0.783
19.880,10.000,9.218,7.820,0.782
19.890,10.000,9.265,7.348,0.735
19.900,10.000,9.219,7.813,0.781
19.910,10.000,9.185,8.151,0.815
19.920,10.000,9.256,7.442,0.744
19.930,10.000,9.249,7.514,0.751
19.940,10.000,9.211,7.890,0.789
19.950,10.000,9.255,7.454,0.745
19.960,10.000,9.195,8.054,0.805
19.970,10.000,9.186,8.139,0.814
19.980,10.000,9.267,7.333,0.733
19.990,10.000,9.185,8.149,0.815
20.000,10.000,9.208,7.917,0.792
20.010,10.000,9.216,7.843,0.784
20.020,10.000,9.255,7.446,0.745
20.030,10.000,9.236,7.640,0.764
20.040,10.000,9.190,8.100,0.810
20.050,10.000,9.267,7.332,0.733
20.060,10.000,9.200,7.996,0.800
20.070,10.000,9.230,7.701,0.770
20.080,10.000,9.251,7.490,0.749
20.090,10.000,9.193,8.068,0.807
20.100,10.000,9.283,7.166,0.717
20.110,10.000,9.198,8.023,0.802
20.120,10.000,9.249,7.509,0.751
20.130,10.000,9.257,7.434,0.743
20.140,10.000,9.253,7.473,0.747
20.150,10.000,9.195,8.047,0.805
20.160,10.000,9.265,7.349,0.735
20.170,10.000,9.232,7.677,0.768
20.180,10.000,9.232,7.678,0.768
20.190,10.000,9.200,8.000,0.800
20.200,10.000,9.217,7.825,0.783
20.210,10.000,9.274,7.261,0.726
20.220,10.000,9.205,7.954,0.795
20.230,10.000,9.190,8.100,0.810
20.240,10.000,9.242,7.576,0.758
20.250,10.000,9.238,7.616,0.762
20.260,10.000,9.264,7.359,0.736
20.270,10.000,9.254,7.465,0.746
20.280,10.000,9.238,7.618,0.762
20.290,10.000,9.242,7.581,0.758
20.300,10.000,9.253,7.467,0.747
20.310,10.000,9.258,7.415,0.742
20.320,10.000,9.267,7.330,0.733
20.330,10.000,9.216,7.843,0.784
20.340,10.000,9.205,7.947,0.795
20.350,10.000,9.271,7.287,0.729
20.360,10.000,9.194,8.058,0.806
20.370,10.000,9.221,7.792,0.779
20.380,10.000,9.214,7.864,0.786
20.390,10.000,9.261,7.389,0.739
20.400,10.000,9.227,7.729,0.773
20.410,10.000,9.208,7.925,0.792
20.420,10.000,9.273,7.271,0.727
20.430,10.000,9.188,8.124,0.812
20.440,10.000,9.279,7.209,0.721
20.450,10.000,9.238,7.622,0.762
20.460,10.000,9.199,8.014,0.801
20.470,10.000,9.257,7.429,0.743
20.480,10.000,9.186,8.136,0.814
20.490,10.000,9.250,7.496,0.750
20.500,10.000,9.274,7.265,0.726
20.510,10.000,9.217,7.825,0.783
20.520,10.000,9.235,7.647,0.765
20.530,10.000,9.193,8.073,0.807
20.540,10.000,9.225,7.747,0.775
20.550,10.000,9.193,8.073,0.807
20.560,10.000,9.249,7.507,0.751
20.570,10.000,9.205,7.953,0.795
20.580,10.000,9.265,7.353,0.735
20.590,10.000,9.203,7.969,0.797
20.600,10.000,9.265,7.345,0.735
20.610,10.000,9.234,7.661,0.766
20.620,10.000,9.181,8.193,0.819
20.630,10.000,9.255,7.455,0.745
20.640,10.000,9.274,7.256,0.726
20.650,10.000,9.207,7.925,0.793
20.660,10.000,9.244,7.558,0.756
20.670,10.000,9.190,8.099,0.810
20.680,10.000,9.253,7.474,0.747
20.690,10.000,9.279,7.212,0.721
20.700,10.000,9.269,7.310,0.731
20.710,10.000,9.195,8.053,0.805
20.720,10.000,9.205,7.954,0.795
20.730,10.000,9.263,7.368,0.737
20.740,10.000,9.206,7.936,0.794
20.750,10.000,9.205,7.955,0.795
20.760,10.000,9.225,7.753,0.775
20.770,10.000,9.231,7.685,0.769
20.780,10.000,9.185,8.154,0.815
20.790,10.000,9.237,7.632,0.763
20.800,10.000,9.204,7.958,0.796
20.810,10.000,9.283,7.168,0.717
20.820,10.000,9.276,7.240,0.724
20.830,10.000,9.258,7.420,0.742
20.840,10.000,9.191,8.085,0.809
20.850,10.000,9.220,7.799,0.780
20.860,10.000,9.273,7.275,0.727
20.870,10.000,9.259,7.405,0.741
20.880,10.000,9.241,7.595,0.759
20.890,10.000,9.250,7.498,0.750
20.900,10.000,9.179,8.210,0.821
20.910,10.000,9.226,7.745,0.774
20.920,10.000,9.207,7.934,0.793
20.930,10.000,9.185,8.150,0.815
20.940,10.000,9.202,7.980,0.798
20.950,10.000,9.206,7.942,0.794
20.960,10.000,9.220,7.801,0.780
20.970,10.000,9.270,7.300,0.730
20.980,10.000,9.216,7.836,0.784
20.990,10.000,9.190,8.101,0.810
21.000,10.000,9.269,7.305,0.731
21.010,10.000,9.209,7.910,0.791
21.020,10.000,9.211,7.892,0.789
21.030,10.000,9.197,8.032,0.803
21.040,10.000,9.198,8.023,0.802
21.050,10.000,9.245,7.546,0.755
21.060,10.000,9.226,7.741,0.774
21.070,10.000,9.244,7.564,0.756
21.080,10.000,9.195,8.051,0.805
21.090,10.000,9.232,7.684,0.768
21.100,10.000,9.198,8.016,0.802
21.110,10.000,9.220,7.798,0.780
21.120,10.000,9.233,7.672,0.767
21.130,10.000,9.195,8.046,0.805
21.140,10.000,9.202,7.978,0.798
21.150,10.000,9.251,7.491,0.749
21.160,10.000,9.239,7.614,0.761
21.170,10.000,9.295,7.054,0.705
21.180,10.000,9.227,7.728,0.773
21.190,10.000,9.199,8.008,0.801
21.200,10.000,9.268,7.322,0.732
21.210,10.000,9.232,7.681,0.768
21.220,10.000,9.247,7.530,0.753
21.230,10.000,9.193,8.065,0.807
21.240,10.000,9.239,7.610,0.761
21.250,10.000,9.268,7.322,0.732
21.260,10.000,9.215,7.848,0.785
21.270,10.000,9.272,7.280,0.728
21.280,10.000,9.248,7.516,0.752
21.290,10.000,9.246,7.542,0.754
21.300,10.000,9.273,7.266,0.727
21.310,10.000,9.227,7.732,0.773
21.320,10.000,9.267,7.327,0.733
21.330,10.000,9.194,8.058,0.806
21.340,10.000,9.237,7.627,0.763
21.350,10.000,9.276,7.240,0.724
21.360,10.000,9.248,7.519,0.752
21.370,10.000,9.269,7.306,0.731
21.380,10.000,9.224,7.763,0.776
21.390,10.000,9.251,7.489,0.749
21.400,10.000,9.207,7.932,0.793
21.410,10.000,9.232,7.683,0.768
21.420,10.000,9.179,8.214,0.821
21.430,10.000,9.251,7.493,0.749
21.440,10.000,9.236,7.643,0.764
21.450,10.000,9.187,8.129,0.813
21.460,10.000,9.206,7.943,0.794
21.470,10.000,9.282,7.175,0.718
21.480,10.000,9.187,8.125,0.813
21.490,10.000,9.243,7.574,0.757
21.500,10.000,9.189,8.111,0.811
21.510,10.000,9.266,7.337,0.734
21.520,10.000,9.183,8.169,0.817
21.530,10.000,9.248,7.518,0.752
21.540,10.000,9.270,7.304,0.730
21.550,10.000,9.229,7.706,0.771
21.560,10.000,9.221,7.788,0.779
21.570,10.000,9.194,8.062,0.806
21.580,10.000,9.214,7.859,0.786
21.590,10.000,9.186,8.142,0.814
21.600,10.000,9.259,7.411,0.741
21.610,10.000,9.204,7.962,0.796
21.620,10.000,9.232,7.678,0.768
21.630,10.000,9.243,7.572,0.757
21.640,10.000,9.218,7.823,0.782
21.650,10.000,9.286,7.138,0.714
21.660,10.000,9.233,7.674,0.767
21.670,10.000,9.283,7.169,0.717
21.680,10.000,9.270,7.301,0.730
21.690,10.000,9.274,7.260,0.726
21.700,10.000,9.249,7.511,0.751
21.710,10.000,9.195,8.052,0.805
21.720,10.000,9.227,7.732,0.773
21.730,10.000,9.252,7.485,0.748
21.740,10.000,9.266,7.339,0.734
21.750,10.000,9.180,8.199,0.820
21.760,10.000,9.259,7.407,0.741
21.770,10.000,9.189,8.106,0.811
21.780,10.000,9.183,8.167,0.817
21.790,10.000,9.270,7.296,0.730
21.800,10.000,9.252,7.478,0.748
21.810,10.000,9.189,8.105,0.811
21.820,10.000,9.251,7.489,0.749
21.830,10.000,9.253,7.470,0.747
21.840,10.000,9.252,7.475,0.748
21.850,10.000,9.233,7.673,0.767
21.860,10.000,9.198,8.020,0.802
21.870,10.000,9.193,8.075,0.807
21.880,10.000,9.248,7.516,0.752
21.890,10.000,9.231,7.692,0.769
21.900,10.000,9.194,8.060,0.806
21.910,10.000,9.220,7.798,0.780
21.920,10.000,9.251,7.491,0.749
21.930,10.000,9.240,7.603,0.760
21.940,10.000,9.274,7.261,0.726
21.950,10.000,9.277,7.229,0.723
21.960,10.000,9.232,7.680,0.768
21.970,10.000,9.216,7.835,0.784
21.980,10.000,9.274,7.263,0.726
21.990,10.000,9.219,7.811,0.781
22.000,10.000,9.211,7.895,0.789
22.010,10.000,9.246,7.543,0.754
22.020,10.000,9.239,7.605,0.761
22.030,10.000,9.260,7.403,0.740
22.040,10.000,9.216,7.836,0.784
22.050,10.000,9.228,7.722,0.772
22.060,10.000,9.265,7.352,0.735
22.070,10.000,9.197,8.027,0.803
22.080,10.000,9.242,7.584,0.758
22.090,10.000,9.269,7.309,0.731
22.100,10.000,9.186,8.143,0.814
22.110,10.000,9.215,7.851,0.785
22.120,10.000,9.183,8.175,0.817
22.130,10.000,9.263,7.366,0.737
22.140,10.000,9.191,8.090,0.809
22.150,10.000,9.261,7.391,0.739
22.160,10.000,9.219,7.814,0.781
22.170,10.000,9.214,7.857,0.786
22.180,10.000,9.275,7.247,0.725
22.190,10.000,9.186,8.143,0.814
22.200,10.000,9.267,7.332,0.733
22.210,10.000,9.188,8.121,0.812
22.220,10.000,9.227,7.725,0.773
22.230,10.000,9.236,7.639,0.764
22.240,10.000,9.249,7.509,0.751
22.250,10.000,9.220,7.803,0.780
22.260,10.000,9.235,7.653,0.765
22.270,10.000,9.205,7.946,0.795
22.280,10.000,9.263,7.369,0.737
22.290,10.000,9.232,7.682,0.768
22.300,10.000,9.250,7.496,0.750
22.310,10.000,9.196,8.037,0.804
22.320,10.000,9.203,7.970,0.797
22.330,10.000,9.218,7.820,0.782
22.340,10.000,9.187,8.135,0.813
22.350,10.000,9.252,7.478,0.748
22.360,10.000,9.275,7.254,0.725
22.370,10.000,9.277,7.234,0.723
22.380,10.000,9.271,7.286,0.729
22.390,10.000,9.235,7.651,0.765
22.400,10.000,9.267,7.326,0.733
22.410,10.000,9.182,8.183,0.818
22.420,10.000,9.177,8.230,0.823
22.430,10.000,9.180,8.203,0.820
22.440,10.000,9.277,7.229,0.723
22.450,10.000,9.196,8.037,0.804
22.460,10.000,9.265,7.348,0.735
22.470,10.000,9.217,7.831,0.783
22.480,10.000,9.235,7.653,0.765
22.490,10.000,9.261,7.387,0.739
22.500,10.000,9.226,7.737,0.774
22.510,10.000,9.222,7.781,0.778
22.520,10.000,9.273,7.275,0.727
22.530,10.000,9.274,7.261,0.726
22.540,10.000,9.175,8.250,0.825
22.550,10.000,9.242,7.582,0.758
22.560,10.000,9.217,7.834,0.783
22.570,10.000,9.236,7.645,0.764
22.580,10.000,9.270,7.304,0.730
22.590,10.000,9.199,8.010,0.801
22.600,10.000,9.190,8.104,0.810
22.610,10.000,9.245,7.550,0.755
22.620,10.000,9.223,7.771,0.777
22.630,10.000,9.217,7.833,0.783
22.640,10.000,9.184,8.162,0.816
22.650,10.000,9.233,7.669,0.767
22.660,10.000,9.189,8.107,0.811
22.670,10.000,9.282,7.183,0.718
22.680,10.000,9.230,7.702,0.770
22.690,10.000,9.184,8.163,0.816
22.700,10.000,9.242,7.576,0.758
22.710,10.000,9.226,7.745,0.774
22.720,10.000,9.196,8.039,0.804
22.730,10.000,9.246,7.536,0.754
22.740,10.000,9.229,7.713,0.771
22.750,10.000,9.193,8.066,0.807
22.760,10.000,9.266,7.342,0.734
22.770,10.000,9.214,7.862,0.786
22.780,10.000,9.233,7.668,0.767
22.790,10.000,9.220,7.799,0.780
22.800,10.000,9.198,8.023,0.802
22.810,10.000,9.285,7.151,0.715
22.820,10.000,9.264,7.361,0.736
22.830,10.000,9.189,8.110,0.811
22.840,10.000,9.281,7.194,0.719
22.850,10.000,9.264,7.364,0.736
22.860,10.000,9.252,7.480,0.748
22.870,10.000,9.215,7.846,0.785
22.880,10.000,9.220,7.796,0.780
22.890,10.000,9.246,7.543,0.754
22.900,10.000,9.241,7.589,0.759
22.910,10.000,9.233,7.668,0.767
22.920,10.000,9.211,7.892,0.789
22.930,10.000,9.187,8.129,0.813
22.940,10.000,9.276,7.243,0.724
22.950,10.000,9.217,7.831,0.783
22.960,10.000,9.239,7.607,0.761
22.970,10.000,9.181,8.189,0.819
22.980,10.000,9.218,7.821,0.782
22.990,10.000,9.191,8.086,0.809
23.000,10.000,9.190,8.100,0.810
23.010,10.000,9.282,7.180,0.718
23.020,10.000,9.235,7.645,0.765
23.030,10.000,9.202,7.983,0.798
23.040,10.000,9.241,7.587,0.759
23.050,10.000,9.280,7.196,0.720
23.060,10.000,9.209,7.914,0.791
23.070,10.000,9.218,7.820,0.782
23.080,10.000,9.209,7.914,0.791
23.090,10.000,9.260,7.405,0.740
23.100,10.000,9.253,7.471,0.747
23.110,10.000,9.218,7.817,0.782
23.120,10.000,9.254,7.460,0.746
23.130,10.000,9.230,7.700,0.770
23.140,10.000,9.224,7.762,0.776
23.150,10.000,9.248,7.517,0.752
23.160,10.000,9.211,7.893,0.789
23.170,10.000,9.196,8.039,0.804
23.180,10.000,9.187,8.131,0.813
23.190,10.000,9.257,7.430,0.743
23.200,10.000,9.264,7.357,0.736
23.210,10.000,9.247,7.527,0.753
23.220,10.000,9.206,7.935,0.794
23.230,10.000,9.195,8.055,0.805
23.240,10.000,9.257,7.432,0.743
23.250,10.000,9.201,7.986,0.799
23.260,10.000,9.234,7.664,0.766
23.270,10.000,9.215,7.848,0.785
23.280,10.000,9.205,7.954,0.795
23.290,10.000,9.270,7.296,0.730
23.300,10.000,9.222,7.775,0.778
23.310,10.000,9.208,7.923,0.792
23.320,10.000,9.263,7.371,0.737
23.330,10.000,9.272,7.280,0.728
23.340,10.000,9.221,7.791,0.779
23.350,10.000,9.213,7.868,0.787
23.360,10.000,9.265,7.349,0.735
23.370,10.000,9.245,7.545,0.755
23.380,10.000,9.244,7.557,0.756
23.390,10.000,9.184,8.157,0.816
23.400,10.000,9.219,7.808,0.781
23.410,10.000,9.215,7.853,0.785
23.420,10.000,9.223,7.768,0.777
23.430,10.000,9.191,8.093,0.809
23.440,10.000,9.265,7.347,0.735
23.450,10.000,9.265,7.354,0.735
23.460,10.000,9.254,7.463,0.746
23.470,10.000,9.188,8.120,0.812
23.480,10.000,9.276,7.239,0.724
23.490,10.000,9.253,7.468,0.747
23.500,10.000,9.255,7.449,0.745
23.510,10.000,9.248,7.519,0.752
23.520,10.000,9.212,7.880,0.788
23.530,10.000,9.277,7.235,0.723
23.540,10.000,9.255,7.452,0.745
23.550,10.000,9.178,8.215,0.822
23.560,10.000,9.191,8.088,0.809
23.570,10.000,9.205,7.949,0.795
23.580,10.000,9.214,7.865,0.786
23.590,10.000,9.213,7.874,0.787
23.600,10.000,9.189,8.105,0.811
23.610,10.000,9.253,7.467,0.747
23.620,10.000,9.235,7.652,0.765
23.630,10.000,9.264,7.359,0.736
23.640,10.000,9.235,7.654,0.765
23.650,10.000,9.269,7.315,0.731
23.660,10.000,9.188,8.124,0.812
23.670,10.000,9.214,7.865,0.786
23.680,10.000,9.231,7.688,0.769
23.690,10.000,9.252,7.477,0.748
23.700,10.000,9.215,7.849,0.785
23.710,10.000,9.265,7.351,0.735
23.720,10.000,9.279,7.213,0.721
23.730,10.000,9.247,7.525,0.753
23.740,10.000,9.262,7.376,0.738
23.750,10.000,9.249,7.513,0.751
23.760,10.000,9.221,7.793,0.779
23.770,10.000,9.228,7.716,0.772
23.780,10.000,9.252,7.475,0.748
23.790,10.000,9.210,7.903,0.790
23.800,10.000,9.198,8.020,0.802
23.810,10.000,9.227,7.729,0.773
23.820,10.000,9.180,8.196,0.820
23.830,10.000,9.235,7.647,0.765
23.840,10.000,9.226,7.744,0.774
23.850,10.000,9.260,7.401,0.740
23.860,10.000,9.235,7.648,0.765
23.870,10.000,9.235,7.650,0.765
23.880,10.000,9.180,8.196,0.820
23.890,10.000,9.267,7.327,0.733
23.900,10.000,9.263,7.367,0.737
23.910,10.000,9.183,8.173,0.817
23.920,10.000,9.231,7.691,0.769
23.930,10.000,9.212,7.881,0.788
23.940,10.000,9.264,7.360,0.736
23.950,10.000,9.280,7.201,0.720
23.960,10.000,9.192,8.079,0.808
23.970,10.000,9.267,7.333,0.733
23.980,10.000,9.206,7.942,0.794
23.990,10.000,9.239,7.608,0.761
24.000,10.000,9.232,7.679,0.768
24.010,10.000,9.237,7.626,0.763
24.020,10.000,9.218,7.823,0.782
24.030,10.000,9.228,7.721,0.772
24.040,10.000,9.205,7.950,0.795
24.050,10.000,9.203,7.968,0.797
24.060,10.000,9.202,7.976,0.798
24.070,10.000,9.254,7.459,0.746
24.080,10.000,9.256,7.436,0.744
24.090,10.000,9.276,7.236,0.724
24.100,10.000,9.182,8.179,0.818
24.110,10.000,9.276,7.242,0.724
24.120,10.000,9.222,7.783,0.778
24.130,10.000,9.184,8.162,0.816
24.140,10.000,9.229,7.707,0.771
24.150,10.000,9.269,7.315,0.731
24.160,10.000,9.262,7.382,0.738
24.170,10.000,9.180,8.202,0.820
24.180,10.000,9.222,7.780,0.778
24.190,10.000,9.264,7.363,0.736
24.200,10.000,9.265,7.346,0.735
24.210,10.000,9.201,7.993,0.799
24.220,10.000,9.265,7.350,0.735
24.230,10.000,9.212,7.880,0.788
24.240,10.000,9.232,7.685,0.768
24.250,10.000,9.245,7.550,0.755
24.260,10.000,9.211,7.890,0.789
24.270,10.000,9.246,7.542,0.754
24.280,10.000,9.231,7.693,0.769
24.290,10.000,9.239,7.612,0.761
24.300,10.000,9.204,7.962,0.796
24.310,10.000,9.185,8.154,0.815
24.320,10.000,9.201,7.991,0.799
24.330,10.000,9.249,7.512,0.751
24.340,10.000,9.236,7.637,0.764
24.350,10.000,9.226,7.737,0.774
24.360,10.000,9.269,7.306,0.731
24.370,10.000,9.253,7.468,0.747
24.380,10.000,9.192,8.077,0.808
24.390,10.000,9.241,7.588,0.759
24.400,10.000,9.248,7.518,0.752
24.410,10.000,9.196,8.040,0.804
24.420,10.000,9.235,7.645,0.765
24.430,10.000,9.191,8.085,0.809
24.440,10.000,9.204,7.959,0.796
24.450,10.000,9.186,8.141,0.814
24.460,10.000,9.284,7.161,0.716
24.470,10.000,9.187,8.134,0.813
24.480,10.000,9.189,8.109,0.811
24.490,10.000,9.226,7.738,0.774
24.500,10.000,9.273,7.266,0.727
24.510,10.000,9.274,7.255,0.726
24.520,10.000,9.244,7.563,0.756
24.530,10.000,9.252,7.475,0.748
24.540,10.000,9.204,7.961,0.796
24.550,10.000,9.196,8.042,0.804
24.560,10.000,9.221,7.792,0.779
24.570,10.000,9.241,7.589,0.759
24.580,10.000,9.264,7.358,0.736
24.590,10.000,9.271,7.290,0.729
24.600,10.000,9.196,8.037,0.804
24.610,10.000,9.188,8.123,0.812
24.620,10.000,9.278,7.218,0.722
24.630,10.000,9.217,7.834,0.783
24.640,10.000,9.253,7.471,0.747
24.650,10.000,9.228,7.720,0.772
24.660,10.000,9.260,7.402,0.740
24.670,10.000,9.236,7.636,0.764
24.680,10.000,9.199,8.013,0.801
24.690,10.000,9.273,7.274,0.727
24.700,10.000,9.195,8.050,0.805
24.710,10.000,9.267,7.326,0.733
24.720,10.000,9.186,8.139,0.814
24.730,10.000,9.251,7.489,0.749
24.740,10.000,9.276,7.236,0.724
24.750,10.000,9.205,7.952,0.795
24.760,10.000,9.249,7.511,0.751
24.770,10.000,9.270,7.303,0.730
24.780,10.000,9.204,7.956,0.796
24.790,10.000,9.248,7.515,0.752
24.800,10.000,9.204,7.962,0.796
24.810,10.000,9.190,8.104,0.810
24.820,10.000,9.238,7.618,0.762
24.830,10.000,9.266,7.340,0.734
24.840,10.000,9.258,7.424,0.742
24.850,10.000,9.255,7.452,0.745
24.860,10.000,9.272,7.280,0.728
24.870,10.000,9.186,8.138,0.814
24.880,10.000,9.207,7.926,0.793
24.890,10.000,9.251,7.488,0.749
24.900,10.000,9.275,7.246,0.725
24.910,10.000,9.219,7.809,0.781
24.920,10.000,9.252,7.485,0.748
24.930,10.000,9.264,7.364,0.736
24.940,10.000,9.249,7.507,0.751
24.950,10.000,9.215,7.846,0.785
24.960,10.000,9.206,7.938,0.794
24.970,10.000,9.227,7.730,0.773
24.980,10.000,9.273,7.273,0.727
24.990,10.000,9.223,7.773,0.777
25.000,10.000,9.215,7.855,0.785
25.010,10.000,9.186,8.141,0.814
25.020,10.000,9.211,7.886,0.789
25.030,10.000,9.225,7.753,0.775
25.040,10.000,9.258,7.422,0.742
25.050,10.000,9.205,7.945,0.795
25.060,10.000,9.250,7.497,0.750
25.070,10.000,9.224,7.756,0.776
25.080,10.000,9.196,8.041,0.804
25.090,10.000,9.178,8.215,0.822
25.100,10.000,9.199,8.008,0.801
25.110,10.000,9.229,7.713,0.771
25.120,10.000,9.193,8.067,0.807
25.130,10.000,9.259,7.407,0.741
25.140,10.000,9.213,7.865,0.787
25.150,10.000,9.273,7.273,0.727
25.160,10.000,9.233,7.673,0.767
25.170,10.000,9.207,7.929,0.793
25.180,10.000,9.283,7.167,0.717
25.190,10.000,9.261,7.387,0.739
25.200,10.000,9.276,7.237,0.724
25.210,10.000,9.274,7.261,0.726
25.220,10.000,9.199,8.013,0.801
25.230,10.000,9.249,7.507,0.751
25.240,10.000,9.262,7.382,0.738
25.250,10.000,9.175,8.250,0.825
25.260,10.000,9.194,8.059,0.806
25.270,10.000,9.200,8.002,0.800
25.280,10.000,9.236,7.641,0.764
25.290,10.000,9.197,8.032,0.803
25.300,10.000,9.255,7.452,0.745
25.310,10.000,9.279,7.211,0.721
25.320,10.000,9.208,7.924,0.792
25.330,10.000,9.188,8.124,0.812
25.340,10.000,9.228,7.720,0.772
25.350,10.000,9.192,8.076,0.808
25.360,10.000,9.223,7.774,0.777
25.370,10.000,9.204,7.958,0.796
25.380,10.000,9.245,7.548,0.755
25.390,10.000,9.243,7.567,0.757
25.400,10.000,9.204,7.959,0.796
25.410,10.000,9.263,7.373,0.737
25.420,10.000,9.187,8.126,0.813
25.430,10.000,9.216,7.840,0.784
25.440,10.000,9.238,7.623,0.762
25.450,10.000,9.220,7.803,0.780
25.460,10.000,9.205,7.954,0.795
25.470,10.000,9.190,8.105,0.810
25.480,10.000,9.249,7.511,0.751
25.490,10.000,9.207,7.931,0.793
25.500,10.000,9.273,7.272,0.727
25.510,10.000,9.244,7.559,0.756
25.520,10.000,9.203,7.974,0.797
25.530,10.000,9.196,8.038,0.804
25.540,10.000,9.221,7.793,0.779
25.550,10.000,9.194,8.058,0.806
25.560,10.000,9.203,7.968,0.797
25.570,10.000,9.243,7.570,0.757
25.580,10.000,9.219,7.814,0.781
25.590,10.000,9.260,7.395,0.740
25.600,10.000,9.258,7.420,0.742
25.610,10.000,9.289,7.114,0.711
25.620,10.000,9.252,7.481,0.748
25.630,10.000,9.282,7.185,0.718
25.640,10.000,9.189,8.106,0.811
25.650,10.000,9.196,8.036,0.804
25.660,10.000,9.194,8.064,0.806
25.670,10.000,9.235,7.653,0.765
25.680,10.000,9.220,7.800,0.780
25.690,10.000,9.255,7.448,0.745
25.700,10.000,9.192,8.083,0.808
25.710,10.000,9.241,7.589,0.759
25.720,10.000,9.232,7.679,0.768
25.730,10.000,9.197,8.035,0.803
25.740,10.000,9.272,7.283,0.728
25.750,10.000,9.282,7.184,0.718
25.760,10.000,9.226,7.744,0.774
25.770,10.000,9.283,7.166,0.717
25.780,10.000,9.276,7.240,0.724
25.790,10.000,9.277,7.227,0.723
25.800,10.000,9.191,8.089,0.809
25.810,10.000,9.254,7.462,0.746
25.820,10.000,9.230,7.697,0.770
25.830,10.000,9.206,7.937,0.794
25.840,10.000,9.260,7.400,0.740
25.850,10.000,9.259,7.414,0.741
25.860,10.000,9.206,7.941,0.794
25.870,10.000,9.266,7.335,0.734
25.880,10.000,9.203,7.971,0.797
25.890,10.000,9.230,7.701,0.770
25.900,10.000,9.230,7.697,0.770
25.910,10.000,9.268,7.316,0.732
25.920,10.000,9.224,7.763,0.776
25.930,10.000,9.191,8.087,0.809
25.940,10.000,9.263,7.373,0.737
25.950,10.000,9.229,7.707,0.771
25.960,10.000,9.201,7.989,0.799
25.970,10.000,9.267,7.330,0.733
25.980,10.000,9.272,7.277,0.728
25.990,10.000,9.227,7.729,0.773
26.000,10.000,9.226,7.739,0.774
26.010,10.000,9.272,7.282,0.728
26.020,10.000,9.174,8.262,0.826
26.030,10.000,9.268,7.323,0.732
26.040,10.000,9.175,8.246,0.825
26.050,10.000,9.256,7.435,0.744
26.060,10.000,9.258,7.423,0.742
26.070,10.000,9.213,7.868,0.787
26.080,10.000,9.249,7.505,0.751
26.090,10.000,9.247,7.530,0.753
26.100,10.000,9.207,7.929,0.793
26.110,10.000,9.260,7.396,0.740
26.120,10.000,9.217,7.825,0.783
26.130,10.000,9.257,7.427,0.743
26.140,10.000,9.184,8.164,0.816
26.150,10.000,9.197,8.025,0.803
26.160,10.000,9.239,7.611,0.761
26.170,10.000,9.215,7.848,0.785
26.180,10.000,9.186,8.137,0.814
26.190,10.000,9.267,7.331,0.733
26.200,10.000,9.267,7.331,0.733
26.210,10.000,9.235,7.648,0.765
26.220,10.000,9.251,7.491,0.749
26.230,10.000,9.209,7.906,0.791
26.240,10.000,9.248,7.516,0.752
26.250,10.000,9.232,7.678,0.768
26.260,10.000,9.260,7.396,0.740
26.270,10.000,9.268,7.320,0.732
26.280,10.000,9.215,7.851,0.785
26.290,10.000,9.252,7.484,0.748
26.300,10.000,9.217,7.830,0.783
26.310,10.000,9.266,7.343,0.734
26.320,10.000,9.245,7.553,0.755
26.330,10.000,9.215,7.850,0.785
26.340,10.000,9.254,7.457,0.746
26.350,10.000,9.244,7.560,0.756
26.360,10.000,9.192,8.080,0.808
26.370,10.000,9.235,7.646,0.765
26.380,10.000,9.183,8.167,0.817
26.390,10.000,9.270,7.299,0.730
26.400,10.000,9.207,7.926,0.793
26.410,10.000,9.218,7.819,0.782
26.420,10.000,9.255,7.453,0.745
26.430,10.000,9.252,7.483,0.748
26.440,10.000,9.199,8.013,0.801
26.450,10.000,9.264,7.357,0.736
26.460,10.000,9.172,8.282,0.828
26.470,10.000,9.263,7.371,0.737
26.480,10.000,9.202,7.985,0.798
26.490,10.000,9.183,8.171,0.817
26.500,10.000,9.251,7.487,0.749
26.510,10.000,9.193,8.073,0.807
26.520,10.000,9.245,7.550,0.755
26.530,10.000,9.226,7.743,0.774
26.540,10.000,9.228,7.717,0.772
26.550,10.000,9.216,7.839,0.784
26.560,10.000,9.183,8.166,0.817
26.570,10.000,9.217,7.831,0.783
26.580,10.000,9.215,7.853,0.785
26.590,10.000,9.231,7.689,0.769
26.600,10.000,9.197,8.026,0.803
26.610,10.000,9.263,7.370,0.737
26.620,10.000,9.224,7.757,0.776
26.630,10.000,9.272,7.279,0.728
26.640,10.000,9.204,7.958,0.796
26.650,10.000,9.207,7.927,0.793
26.660,10.000,9.247,7.528,0.753
26.670,10.000,9.230,7.704,0.770
26.680,10.000,9.272,7.278,0.728
26.690,10.000,9.256,7.437,0.744
26.700,10.000,9.222,7.778,0.778
26.710,10.000,9.205,7.952,0.795
26.720,10.000,9.202,7.978,0.798
26.730,10.000,9.207,7.929,0.793
26.740,10.000,9.189,8.109,0.811
26.750,10.000,9.236,7.644,0.764
26.760,10.000,9.202,7.979,0.798
26.770,10.000,9.194,8.062,0.806
26.780,10.000,9.228,7.725,0.772
26.790,10.000,9.235,7.650,0.765
26.800,10.000,9.204,7.957,0.796
26.810,10.000,9.203,7.971,0.797
26.820,10.000,9.254,7.456,0.746
26.830,10.000,9.273,7.274,0.727
26.840,10.000,9.249,7.515,0.751
26.850,10.000,9.200,8.003,0.800
26.860,10.000,9.209,7.911,0.791
26.870,10.000,9.255,7.450,0.745
26.880,10.000,9.236,7.636,0.764
26.890,10.000,9.240,7.597,0.760
26.900,10.000,9.200,8.000,0.800
26.910,10.000,9.251,7.490,0.749
26.920,10.000,9.218,7.824,0.782
26.930,10.000,9.242,7.581,0.758
26.940,10.000,9.238,7.621,0.762
26.950,10.000,9.240,7.600,0.760
26.960,10.000,9.264,7.356,0.736
26.970,10.000,9.198,8.025,0.802
26.980,10.000,9.285,7.145,0.715
26.990,10.000,9.250,7.502,0.750
27.000,10.000,9.270,7.297,0.730
27.010,10.000,9.221,7.787,0.779
27.020,10.000,9.272,7.284,0.728
27.030,10.000,9.187,8.133,0.813
27.040,10.000,9.246,7.541,0.754
27.050,10.000,9.275,7.247,0.725
27.060,10.000,9.234,7.658,0.766
27.070,10.000,9.257,7.426,0.743
27.080,10.000,9.276,7.238,0.724
27.090,10.000,9.267,7.335,0.733
27.100,10.000,9.195,8.048,0.805
27.110,10.000,9.187,8.127,0.813
27.120,10.000,9.180,8.200,0.820
27.130,10.000,9.264,7.362,0.736
27.140,10.000,9.271,7.285,0.729
27.150,10.000,9.238,7.624,0.762
27.160,10.000,9.270,7.298,0.730
27.170,10.000,9.185,8.152,0.815
27.180,10.000,9.201,7.990,0.799
27.190,10.000,9.219,7.813,0.781
27.200,10.000,9.241,7.593,0.759
27.210,10.000,9.214,7.862,0.786
27.220,10.000,9.180,8.200,0.820
27.230,10.000,9.272,7.278,0.728
27.240,10.000,9.267,7.330,0.733
27.250,10.000,9.227,7.735,0.773
27.260,10.000,9.219,7.814,0.781
27.270,10.000,9.242,7.584,0.758
27.280,10.000,9.238,7.621,0.762
27.290,10.000,9.215,7.848,0.785
27.300,10.000,9.206,7.939,0.794
27.310,10.000,9.226,7.738,0.774
27.320,10.000,9.258,7.424,0.742
27.330,10.000,9.196,8.043,0.804
27.340,10.000,9.234,7.661,0.766
27.350,10.000,9.221,7.786,0.779
27.360,10.000,9.192,8.080,0.808
27.370,10.000,9.192,8.080,0.808
27.380,10.000,9.205,7.946,0.795
27.390,10.000,9.197,8.027,0.803
27.400,10.000,9.190,8.100,0.810
27.410,10.000,9.234,7.658,0.766
27.420,10.000,9.214,7.856,0.786
27.430,10.000,9.196,8.039,0.804
27.440,10.000,9.221,7.794,0.779
27.450,10.000,9.211,7.888,0.789
27.460,10.000,9.262,7.384,0.738
27.470,10.000,9.215,7.848,0.785
27.480,10.000,9.223,7.769,0.777
27.490,10.000,9.286,7.138,0.714
27.500,10.000,9.254,7.458,0.746
27.510,10.000,9.281,7.190,0.719
27.520,10.000,9.214,7.856,0.786
27.530,10.000,9.252,7.481,0.748
27.540,10.000,9.268,7.320,0.732
27.550,10.000,9.199,8.006,0.801
27.560,10.000,9.200,8.004,0.800
27.570,10.000,9.211,7.894,0.789
27.580,10.000,9.268,7.323,0.732
27.590,10.000,9.261,7.394,0.739
27.600,10.000,9.246,7.542,0.754
27.610,10.000,9.191,8.093,0.809
27.620,10.000,9.207,7.931,0.793
27.630,10.000,9.226,7.736,0.774
27.640,10.000,9.212,7.878,0.788
27.650,10.000,9.263,7.368,0.737
27.660,10.000,9.267,7.331,0.733
27.670,10.000,9.220,7.797,0.780
27.680,10.000,9.268,7.315,0.732
27.690,10.000,9.283,7.170,0.717
27.700,10.000,9.226,7.741,0.774
27.710,10.000,9.264,7.355,0.736
27.720,10.000,9.221,7.789,0.779
27.730,10.000,9.248,7.519,0.752
27.740,10.000,9.266,7.339,0.734
27.750,10.000,9.245,7.548,0.755
27.760,10.000,9.261,7.392,0.739
27.770,10.000,9.227,7.726,0.773
27.780,10.000,9.264,7.356,0.736
27.790,10.000,9.186,8.142,0.814
27.800,10.000,9.220,7.803,0.780
27.810,10.000,9.229,7.715,0.771
27.820,10.000,9.180,8.196,0.820
27.830,10.000,9.251,7.491,0.749
27.840,10.000,9.194,8.056,0.806
27.850,10.000,9.266,7.342,0.734
27.860,10.000,9.265,7.352,0.735
27.870,10.000,9.206,7.942,0.794
27.880,10.000,9.186,8.144,0.814
27.890,10.000,9.245,7.546,0.755
27.900,10.000,9.183,8.173,0.817
27.910,10.000,9.251,7.491,0.749
27.920,10.000,9.253,7.473,0.747
27.930,10.000,9.203,7.967,0.797
27.940,10.000,9.188,8.117,0.812
27.950,10.000,9.279,7.206,0.721
27.960,10.000,9.278,7.217,0.722
27.970,10.000,9.265,7.354,0.735
27.980,10.000,9.207,7.933,0.793
27.990,10.000,9.258,7.424,0.742
28.000,10.000,9.262,7.381,0.738
28.010,10.000,9.250,7.497,0.750
28.020,10.000,9.237,7.632,0.763
28.030,10.000,9.201,7.990,0.799
28.040,10.000,9.220,7.805,0.780
28.050,10.000,9.227,7.730,0.773
28.060,10.000,9.273,7.271,0.727
28.070,10.000,9.204,7.964,0.796
28.080,10.000,9.180,8.197,0.820
28.090,10.000,9.266,7.342,0.734
28.100,10.000,9.220,7.797,0.780
28.110,10.000,9.227,7.729,0.773
28.120,10.000,9.218,7.821,0.782
28.130,10.000,9.227,7.729,0.773
28.140,10.000,9.201,7.991,0.799
28.150,10.000,9.238,7.620,0.762
28.160,10.000,9.215,7.849,0.785
28.170,10.000,9.191,8.093,0.809
28.180,10.000,9.271,7.286,0.729
28.190,10.000,9.225,7.752,0.775
28.200,10.000,9.257,7.430,0.743
28.210,10.000,9.272,7.282,0.728
28.220,10.000,9.191,8.095,0.809
28.230,10.000,9.228,7.723,0.772
28.240,10.000,9.196,8.037,0.804
28.250,10.000,9.203,7.971,0.797
28.260,10.000,9.228,7.722,0.772
28.270,10.000,9.198,8.017,0.802
28.280,10.000,9.194,8.062,0.806
28.290,10.000,9.263,7.365,0.737
28.300,10.000,9.281,7.189,0.719
28.310,10.000,9.278,7.224,0.722
28.320,10.000,9.232,7.676,0.768
28.330,10.000,9.240,7.603,0.760
28.340,10.000,9.203,7.968,0.797
28.350,10.000,9.279,7.208,0.721
28.360,10.000,9.190,8.096,0.810
28.370,10.000,9.203,7.975,0.797
28.380,10.000,9.212,7.883,0.788
28.390,10.000,9.202,7.980,0.798
28.400,10.000,9.196,8.041,0.804
28.410,10.000,9.262,7.380,0.738
28.420,10.000,9.255,7.446,0.745
28.430,10.000,9.237,7.634,0.763
28.440,10.000,9.209,7.914,0.791
28.450,10.000,9.279,7.211,0.721
28.460,10.000,9.194,8.060,0.806
28.470,10.000,9.246,7.539,0.754
28.480,10.000,9.189,8.112,0.811
28.490,10.000,9.188,8.125,0.812
28.500,10.000,9.196,8.042,0.804
28.510,10.000,9.273,7.267,0.727
28.520,10.000,9.283,7.166,0.717
28.530,10.000,9.207,7.929,0.793
28.540,10.000,9.219,7.813,0.781
28.550,10.000,9.200,7.995,0.800
28.560,10.000,9.234,7.664,0.766
28.570,10.000,9.267,7.331,0.733
28.580,10.000,9.216,7.840,0.784
28.590,10.000,9.242,7.581,0.758
28.600,10.000,9.242,7.579,0.758
28.610,10.000,9.212,7.876,0.788
28.620,10.000,9.238,7.621,0.762
28.630,10.000,9.196,8.040,0.804
28.640,10.000,9.276,7.235,0.724
28.650,10.000,9.262,7.378,0.738
28.660,10.000,9.193,8.069,0.807
28.670,10.000,9.188,8.122,0.812
28.680,10.000,9.189,8.114,0.811
28.690,10.000,9.231,7.686,0.769
28.700,10.000,9.213,7.870,0.787
28.710,10.000,9.204,7.957,0.796
28.720,10.000,9.210,7.898,0.790
28.730,10.000,9.288,7.117,0.712
28.740,10.000,9.258,7.421,0.742
28.750,10.000,9.233,7.671,0.767
28.760,10.000,9.279,7.214,0.721
28.770,10.000,9.267,7.332,0.733
28.780,10.000,9.191,8.088,0.809
28.790,10.000,9.283,7.169,0.717
28.800,10.000,9.267,7.328,0.733
28.810,10.000,9.197,8.027,0.803
28.820,10.000,9.264,7.357,0.736
28.830,10.000,9.262,7.378,0.738
28.840,10.000,9.220,7.805,0.780
28.850,10.000,9.195,8.047,0.805
28.860,10.000,9.279,7.215,0.721
28.870,10.000,9.266,7.338,0.734
28.880,10.000,9.273,7.273,0.727
28.890,10.000,9.203,7.974,0.797
28.900,10.000,9.220,7.801,0.780
28.910,10.000,9.230,7.700,0.770
28.920,10.000,9.233,7.665,0.767
28.930,10.000,9.273,7.267,0.727
28.940,10.000,9.239,7.613,0.761
28.950,10.000,9.220,7.799,0.780
28.960,10.000,9.249,7.507,0.751
28.970,10.000,9.249,7.510,0.751
28.980,10.000,9.222,7.778,0.778
28.990,10.000,9.249,7.505,0.751
29.000,10.000,9.190,8.105,0.810
29.010,10.000,9.248,7.520,0.752
29.020,10.000,9.264,7.360,0.736
29.030,10.000,9.208,7.925,0.792
29.040,10.000,9.242,7.582,0.758
29.050,10.000,9.231,7.687,0.769
29.060,10.000,9.253,7.465,0.747
29.070,10.000,9.231,7.691,0.769
29.080,10.000,9.212,7.880,0.788
29.090,10.000,9.262,7.380,0.738
29.100,10.000,9.228,7.716,0.772
29.110,10.000,9.197,8.030,0.803
29.120,10.000,9.180,8.197,0.820
29.130,10.000,9.216,7.835,0.784
29.140,10.000,9.186,8.143,0.814
29.150,10.000,9.229,7.712,0.771
29.160,10.000,9.237,7.628,0.763
29.170,10.000,9.186,8.138,0.814
29.180,10.000,9.220,7.802,0.780
29.190,10.000,9.237,7.627,0.763
29.200,10.000,9.219,7.813,0.781
29.210,10.000,9.266,7.341,0.734
29.220,10.000,9.190,8.100,0.810
29.230,10.000,9.278,7.223,0.722
29.240,10.000,9.261,7.387,0.739
29.250,10.000,9.254,7.463,0.746
29.260,10.000,9.219,7.807,0.781
29.270,10.000,9.235,7.650,0.765
29.280,10.000,9.230,7.703,0.770
29.290,10.000,9.271,7.288,0.729
29.300,10.000,9.210,7.896,0.790
29.310,10.000,9.248,7.523,0.752
29.320,10.000,9.244,7.560,0.756
29.330,10.000,9.202,7.981,0.798
29.340,10.000,9.185,8.148,0.815
29.350,10.000,9.218,7.820,0.782
29.360,10.000,9.268,7.324,0.732
29.370,10.000,9.269,7.309,0.731
29.380,10.000,9.176,8.244,0.824
29.390,10.000,9.209,7.912,0.791
29.400,10.000,9.263,7.373,0.737
29.410,10.000,9.238,7.622,0.762
29.420,10.000,9.236,7.644,0.764
29.430,10.000,9.269,7.309,0.731
29.440,10.000,9.177,8.231,0.823
29.450,10.000,9.247,7.532,0.753
29.460,10.000,9.220,7.801,0.780
29.470,10.000,9.239,7.610,0.761
29.480,10.000,9.255,7.455,0.745
29.490,10.000,9.258,7.419,0.742
29.500,10.000,9.192,8.083,0.808
29.510,10.000,9.192,8.082,0.808
29.520,10.000,9.246,7.543,0.754
29.530,10.000,9.206,7.938,0.794
29.540,10.000,9.191,8.093,0.809
29.550,10.000,9.231,7.689,0.769
29.560,10.000,9.187,8.134,0.813
29.570,10.000,9.239,7.607,0.761
29.580,10.000,9.192,8.083,0.808
29.590,10.000,9.245,7.554,0.755
29.600,10.000,9.235,7.649,0.765
29.610,10.000,9.229,7.706,0.771
29.620,10.000,9.216,7.840,0.784
29.630,10.000,9.205,7.945,0.795
29.640,10.000,9.260,7.397,0.740
29.650,10.000,9.227,7.734,0.773
29.660,10.000,9.245,7.545,0.755
29.670,10.000,9.247,7.534,0.753
29.680,10.000,9.217,7.825,0.783
29.690,10.000,9.246,7.543,0.754
29.700,10.000,9.277,7.233,0.723
29.710,10.000,9.198,8.017,0.802
29.720,10.000,9.205,7.953,0.795
29.730,10.000,9.236,7.636,0.764
29.740,10.000,9.194,8.058,0.806
29.750,10.000,9.211,7.891,0.789
29.760,10.000,9.209,7.911,0.791
29.770,10.000,9.242,7.576,0.758
29.780,10.000,9.275,7.254,0.725
29.790,10.000,9.285,7.153,0.715
29.800,10.000,9.219,7.814,0.781
29.810,10.000,9.187,8.125,0.813
29.820,10.000,9.201,7.994,0.799
29.830,10.000,9.191,8.089,0.809
29.840,10.000,9.223,7.770,0.777
29.850,10.000,9.217,7.831,0.783
29.860,10.000,9.244,7.556,0.756
29.870,10.000,9.229,7.714,0.771
29.880,10.000,9.272,7.277,0.728
29.890,10.000,9.249,7.506,0.751
29.900,10.000,9.284,7.162,0.716
29.910,10.000,9.216,7.845,0.784
29.920,10.000,9.191,8.092,0.809
29.930,10.000,9.215,7.847,0.785
29.940,10.000,9.240,7.604,0.760
29.950,10.000,9.267,7.333,0.733
29.960,10.000,9.255,7.453,0.745
29.970,10.000,9.195,8.046,0.805
29.980,10.000,9.227,7.728,0.773
29.990,10.000,9.189,8.105,0.811
